marsh_id,plot_id,plot_size_m2,lat_dd,long_dd,date,mesh_size_mm,effort_min,Gambusia affinis,Palaemonetes sp.,Fundulus grandis,Farfantepenaeus aztecus,Callinectes sapidus,Syngnathus sp.,Menidia sp.,Poecilia latipinna,Cynoscion arenarius,Fundulus pulverous,Lucania parva,Cyprinodon variegatus,Adinia xenica,Fundulus jenkinsi,unidentified fish,Fundulus confluentus,Citharichthys spilopterus,unidentified pipefish,Elops saurus,Lagodon rhomboides,Myrophis punctatus,Syngnathus floridae,unidentified mud crab,Caranx hippos,unidentified crab,Uca sp.,unidentified hermit crab,Micropogonias undulatus,Dormitator maculatus,MicrogobiusÂ gulosus
LHA,EDGE_1_A,2.5,29.5519666666667,-89.8518166666667,2018-05-18,3,60,10,80,0,0,0,0,0,0,0,0,0,0,0,0,0,0,0,0,0,0,0,0,0,0,0,0,0,0,0,0
LHA,EDGE_1_B,2.5,29.5519666666667,-89.8518166666667,2018-05-18,3,60,30,120,0,0,0,0,0,0,0,0,0,0,0,0,0,0,0,0,0,0,0,0,0,0,0,0,0,0,0,0
LHA,EDGE_1_C,2.5,29.5519666666667,-89.8518166666667,2018-05-18,3,60,0,0,20,10,10,0,0,0,0,0,0,0,0,0,0,0,0,0,0,0,0,0,0,0,0,0,0,0,0,0
LHA,EDGE_2_A,2.5,29.5516,-89.8516,2018-05-18,3,60,0,10,0,0,0,0,0,0,0,0,0,0,0,0,0,0,0,0,0,0,0,0,0,0,0,0,0,0,0,0
LHA,EDGE_2_B,2.5,29.5516,-89.8516,2018-05-18,3,60,0,30,0,0,0,0,0,0,0,0,0,0,0,0,0,0,0,0,0,0,0,0,0,0,0,0,0,0,0,0
LHA,EDGE_2_C,2.5,29.5516,-89.8516,2018-05-18,3,60,0,20,0,10,0,0,0,0,0,0,0,0,0,0,0,0,0,0,0,0,0,0,0,0,0,0,0,0,0,0
LHA,EDGE_3_B,2.5,29.5511833333333,-89.8513666666667,2018-05-18,3,60,0,0,30,0,10,0,0,0,0,0,0,0,0,0,0,0,0,0,0,0,0,0,0,0,0,0,0,0,0,0
LHA,EDGE_3_C,2.5,29.5511833333333,-89.8513666666667,2018-05-18,3,60,0,90,0,0,0,0,0,0,0,0,0,0,0,0,0,0,0,0,0,0,0,0,0,0,0,0,0,0,0,0
LHA,CREEK_2_B,2.5,29.5524,-89.8515166666667,2018-05-18,3,63,0,0,0,0,10,0,0,0,0,0,0,0,0,0,0,0,0,0,0,0,0,0,0,0,0,0,0,0,0,0
LHA,CREEK_3_A,2.5,29.55245,-89.8512833333333,2018-05-18,3,65,0,10,0,0,10,0,0,0,0,0,0,0,0,0,0,0,0,0,0,0,0,0,0,0,0,0,0,0,0,0
LHA,CREEK_3_B,2.5,29.55245,-89.8512833333333,2018-05-18,3,65,0,0,0,0,20,10,0,0,0,0,0,0,0,0,0,0,0,0,0,0,0,0,0,0,0,0,0,0,0,0
LHA,CREEK_3_C,2.5,29.55245,-89.8512833333333,2018-05-18,3,65,0,0,0,0,10,0,0,0,0,0,0,0,0,0,0,0,0,0,0,0,0,0,0,0,0,0,0,0,0,0
LHA,POND_1_C,2.5,29.5523333333333,-89.85025,2018-05-18,3,53,0,0,10,0,0,0,0,0,0,0,0,0,0,0,0,0,0,0,0,0,0,0,0,0,0,0,0,0,0,0
LHA,POND_2_B,2.5,29.5518833333333,-89.8506166666667,2018-05-18,3,60,0,0,140,0,0,0,0,0,0,0,0,0,0,0,0,0,0,0,0,0,0,0,0,0,0,0,0,0,0,0
LHA,POND_2_C,2.5,29.5518833333333,-89.8506166666667,2018-05-18,3,60,0,0,110,0,0,0,0,0,0,0,0,0,0,0,0,0,0,0,0,0,0,0,0,0,0,0,0,0,0,0
LHA,POND_3_A,2.5,29.5514833333333,-89.85065,2018-05-18,3,58,0,0,10,0,0,0,0,0,0,0,0,0,0,0,0,0,0,0,0,0,0,0,0,0,0,0,0,0,0,0
LHB,EDGE_1_A,2.5,29.55345,-89.8590666666667,2018-05-18,3,82,0,20,0,0,0,0,0,0,0,0,0,0,0,0,0,0,0,0,0,0,0,0,0,0,0,0,0,0,0,0
LHB,EDGE_1_C,2.5,29.55345,-89.8590666666667,2018-05-18,3,82,0,40,0,0,0,0,0,0,0,0,0,0,0,0,0,0,0,0,0,0,0,0,0,0,0,0,0,0,0,0
LHB,EDGE_2_A,2.5,29.5540166666667,-89.85955,2018-05-18,3,60,0,0,20,0,0,0,0,0,0,0,0,0,0,0,0,0,0,0,0,0,0,0,0,0,0,0,0,0,0,0
LHB,EDGE_2_B,2.5,29.5540166666667,-89.85955,2018-05-18,3,60,0,10,0,0,0,0,0,0,0,0,0,0,0,0,0,0,0,0,0,0,0,0,0,0,0,0,0,0,0,0
LHB,EDGE_2_C,2.5,29.5540166666667,-89.85955,2018-05-18,3,60,0,0,60,0,0,0,0,0,0,0,0,0,0,0,0,0,0,0,0,0,0,0,0,0,0,0,0,0,0,0
LHB,EDGE_3_A,2.5,29.55445,-89.8599666666667,2018-05-18,3,61,0,20,0,0,0,0,0,0,0,0,0,0,0,0,0,0,0,0,0,0,0,0,0,0,0,0,0,0,0,0
LHB,EDGE_3_B,2.5,29.55445,-89.8599666666667,2018-05-18,3,61,0,50,0,0,0,0,0,0,0,0,0,0,0,0,0,0,0,0,0,0,0,0,0,0,0,0,0,0,0,0
LHB,EDGE_3_C,2.5,29.55445,-89.8599666666667,2018-05-18,3,61,0,10,0,0,0,0,0,0,0,0,0,0,0,0,0,0,0,0,0,0,0,0,0,0,0,0,0,0,0,0
LHB,CREEK_1_A,2.5,29.5532333333333,-89.8594666666667,2018-05-18,3,80,0,10,10,0,0,0,0,0,0,0,0,0,0,0,0,0,0,0,0,0,0,0,0,0,0,0,0,0,0,0
LHB,CREEK_1_B,2.5,29.5532333333333,-89.8594666666667,2018-05-18,3,80,20,0,50,0,0,0,10,0,0,0,0,0,0,0,0,0,0,0,0,0,0,0,0,0,0,0,0,0,0,0
LHB,CREEK_1_C,2.5,29.5532333333333,-89.8594666666667,2018-05-18,3,80,0,0,30,0,10,0,0,0,0,0,0,0,0,0,0,0,0,0,0,0,0,0,0,0,0,0,0,0,0,0
LHB,CREEK_2_A,2.5,29.5531,-89.86,2018-05-18,3,81,10,20,0,0,0,0,0,0,0,0,0,0,0,0,0,0,0,0,0,0,0,0,0,0,0,0,0,0,0,0
LHB,CREEK_2_B,2.5,29.5531,-89.86,2018-05-18,3,81,0,0,50,0,0,0,0,0,0,0,0,0,0,0,0,0,0,0,0,0,0,0,0,0,0,0,0,0,0,0
LHB,CREEK_2_C,2.5,29.5531,-89.86,2018-05-18,3,81,0,0,130,0,0,0,0,0,0,0,0,0,0,0,0,0,0,0,0,0,0,0,0,0,0,0,0,0,0,0
LHB,CREEK_3_A,2.5,29.5527833333333,-89.8603833333333,2018-05-18,3,79,0,0,10,0,0,0,0,0,0,0,0,0,0,0,0,0,0,0,0,0,0,0,0,0,0,0,0,0,0,0
LHB,CREEK_3_B,2.5,29.5527833333333,-89.8603833333333,2018-05-18,3,79,0,10,0,0,0,0,0,0,0,0,0,0,0,0,0,0,0,0,0,0,0,0,0,0,0,0,0,0,0,0
LHB,CREEK_3_C,2.5,29.5527833333333,-89.8603833333333,2018-05-18,3,79,0,0,40,0,0,0,0,0,0,0,0,0,0,0,0,0,0,0,0,0,0,0,0,0,0,0,0,0,0,0
LHB,POND_1_A,2.5,29.5536666666667,-89.85935,2018-05-18,3,75,0,0,90,0,0,0,0,0,0,0,0,0,0,0,0,0,0,0,0,0,0,0,0,0,0,0,0,0,0,0
LHB,POND_1_B,2.5,29.5536666666667,-89.85935,2018-05-18,3,75,10,0,40,0,0,0,0,0,0,0,0,0,0,0,0,0,0,0,0,0,0,0,0,0,0,0,0,0,0,0
LHB,POND_1_C,2.5,29.5536666666667,-89.85935,2018-05-18,3,75,0,0,320,0,0,0,0,0,0,0,0,0,0,0,0,0,0,0,0,0,0,0,0,0,0,0,0,0,0,0
LHB,POND_2_A,2.5,29.554,-89.8596833333333,2018-05-18,3,60,0,0,240,0,0,0,0,0,0,0,0,0,0,0,0,0,0,0,0,0,0,0,0,0,0,0,0,0,0,0
LHB,POND_2_B,2.5,29.554,-89.8596833333333,2018-05-18,3,60,0,0,250,0,0,0,0,0,0,0,0,0,0,0,0,0,0,0,0,0,0,0,0,0,0,0,0,0,0,0
LHB,POND_2_C,2.5,29.554,-89.8596833333333,2018-05-18,3,60,0,0,90,0,0,0,0,0,0,0,0,0,0,0,0,0,0,0,0,0,0,0,0,0,0,0,0,0,0,0
LHB,POND_3_A,2.5,29.5544,-89.86005,2018-05-18,3,60,0,0,320,0,0,0,0,10,0,0,0,0,0,0,0,0,0,0,0,0,0,0,0,0,0,0,0,0,0,0
LHB,POND_3_B,2.5,29.5544,-89.86005,2018-05-18,3,60,0,0,130,0,0,0,0,0,0,0,0,0,0,0,0,0,0,0,0,0,0,0,0,0,0,0,0,0,0,0
LHB,POND_3_C,2.5,29.5544,-89.86005,2018-05-18,3,60,0,0,100,0,0,0,0,0,0,0,0,0,0,0,0,0,0,0,0,0,0,0,0,0,0,0,0,0,0,0
LHC,EDGE_1_A,2.5,29.5567833333333,-89.8586,2018-05-18,3,60,0,10,0,0,0,0,0,0,0,0,0,0,0,0,0,0,0,0,0,0,0,0,0,0,0,0,0,0,0,0
LHC,EDGE_1_B,2.5,29.5567833333333,-89.8586,2018-05-18,3,60,0,230,0,0,0,0,0,0,0,0,0,0,0,0,0,0,0,0,0,0,0,0,0,0,0,0,0,0,0,0
LHC,EDGE_1_C,2.5,29.5567833333333,-89.8586,2018-05-18,3,60,0,50,0,0,0,0,0,0,0,0,0,0,0,0,0,0,0,0,0,0,0,0,0,0,0,0,0,0,0,0
LHC,EDGE_2_A,2.5,29.5563833333333,-89.8585,2018-05-18,3,72,0,0,10,0,0,0,0,0,0,0,0,0,0,0,0,0,0,0,0,0,0,0,0,0,0,0,0,0,0,0
LHC,EDGE_2_B,2.5,29.5563833333333,-89.8585,2018-05-18,3,72,0,0,0,0,10,0,0,0,0,0,0,0,0,0,0,0,0,0,0,0,0,0,0,0,0,0,0,0,0,0
LHC,EDGE_2_C,2.5,29.5563833333333,-89.8585,2018-05-18,3,72,0,0,0,10,0,0,0,0,20,0,0,0,0,0,0,0,0,0,0,0,0,0,0,0,0,0,0,0,0,0
LHC,EDGE_3_A,2.5,29.556,-89.8584166666667,2018-05-18,3,62,0,30,0,0,0,0,0,0,0,0,0,0,0,0,0,0,0,0,0,0,0,0,0,0,0,0,0,0,0,0
LHC,EDGE_3_B,2.5,29.556,-89.8584166666667,2018-05-18,3,62,0,10,0,0,0,0,0,0,0,0,0,0,0,0,0,0,0,0,0,0,0,0,0,0,0,0,0,0,0,0
LHC,EDGE_3_C,2.5,29.556,-89.8584166666667,2018-05-18,3,62,0,10,10,0,0,0,0,0,0,0,0,0,0,0,0,0,0,0,0,0,0,0,0,0,0,0,0,0,0,0
LHC,POND_1_A,2.5,29.5560333333333,-89.8581,2018-05-18,3,62,0,0,0,0,0,0,0,0,0,10,0,0,0,0,0,0,0,0,0,0,0,0,0,0,0,0,0,0,0,0
LHC,POND_1_B,2.5,29.5560333333333,-89.8581,2018-05-18,3,62,10,0,0,0,0,0,0,0,0,0,0,0,0,0,0,0,0,0,0,0,0,0,0,0,0,0,0,0,0,0
LHC,POND_3_C,2.5,29.5560333333333,-89.8581,2018-05-18,3,62,0,0,0,0,10,0,0,0,0,0,0,0,0,0,0,0,0,0,0,0,0,0,0,0,0,0,0,0,0,0
LHA,EDGE_1_A,2.5,29.5519666666667,-89.8518166666667,2018-05-19,3,105,0,130,10,10,10,0,0,0,0,0,40,0,0,0,0,0,0,0,0,0,0,0,0,0,0,0,0,0,0,0
LHA,EDGE_1_B,2.5,29.5519666666667,-89.8518166666667,2018-05-19,3,105,0,20,0,0,0,0,0,0,0,0,0,0,0,0,0,0,0,0,0,0,0,0,0,0,0,0,0,0,0,0
LHA,EDGE_1_C,2.5,29.5519666666667,-89.8518166666667,2018-05-19,3,105,0,50,10,0,0,0,0,0,0,0,0,0,0,0,0,0,0,0,0,0,0,0,0,0,0,0,0,0,0,0
LHA,EDGE_2_A,2.5,29.5516,-89.8516,2018-05-19,3,105,0,20,0,10,10,0,0,0,0,0,0,0,0,0,0,0,0,0,0,0,0,0,0,0,0,0,0,0,0,0
LHA,EDGE_2_B,2.5,29.5516,-89.8516,2018-05-19,3,105,0,60,0,0,0,0,0,0,0,0,0,0,0,0,0,0,0,0,0,0,0,0,0,0,0,0,0,0,0,0
LHA,EDGE_2_C,2.5,29.5516,-89.8516,2018-05-19,3,105,0,20,10,10,10,0,0,0,0,0,0,0,0,0,0,0,0,0,0,0,0,0,0,0,0,0,0,0,0,0
LHA,EDGE_3_A,2.5,29.5511833333333,-89.8513666666667,2018-05-19,3,85,0,10,0,0,0,0,0,0,0,0,0,0,0,0,0,0,0,0,0,0,0,0,0,0,0,0,0,0,0,0
LHA,EDGE_3_B,2.5,29.5511833333333,-89.8513666666667,2018-05-19,3,85,0,0,0,10,0,0,0,0,0,0,0,0,0,0,0,0,0,0,0,0,0,0,0,0,0,0,0,0,0,0
LHA,EDGE_3_C,2.5,29.5511833333333,-89.8513666666667,2018-05-19,3,85,0,0,10,20,0,0,0,0,0,0,0,0,0,0,0,0,0,0,0,0,0,0,0,0,0,0,0,0,0,0
LHA,CREEK_1_B,2.5,29.5522833333333,-89.8516833333333,2018-05-19,3,106,0,0,70,0,0,0,0,0,0,0,0,0,0,0,0,0,0,0,0,0,0,0,0,0,0,0,0,0,0,0
LHA,CREEK_1_C,2.5,29.5522833333333,-89.8516833333333,2018-05-19,3,106,0,0,80,0,0,0,0,0,0,0,0,0,0,0,0,0,0,0,0,0,0,0,0,0,0,0,0,0,0,0
LHA,CREEK_2_A,2.5,29.5524,-89.8515166666667,2018-05-19,3,105,0,0,110,0,0,0,0,0,0,0,0,0,0,0,0,0,0,0,0,0,0,0,0,0,0,0,0,0,0,0
LHA,CREEK_2_B,2.5,29.5524,-89.8515166666667,2018-05-19,3,105,0,0,90,0,0,0,0,0,0,0,0,0,0,0,0,0,0,0,0,0,0,0,0,0,0,0,0,0,0,0
LHA,CREEK_3_A,2.5,29.55245,-89.8512833333333,2018-05-19,3,105,0,0,0,10,60,0,0,0,0,0,0,0,0,0,0,0,0,0,0,0,0,0,0,0,0,0,0,0,0,0
LHA,CREEK_3_B,2.5,29.55245,-89.8512833333333,2018-05-19,3,105,0,0,70,0,0,0,0,0,0,0,0,0,0,0,0,0,0,0,0,0,0,0,0,0,0,0,0,0,0,0
LHA,CREEK_3_C,2.5,29.55245,-89.8512833333333,2018-05-19,3,105,0,0,250,0,0,0,0,0,0,10,0,0,0,0,0,0,0,0,0,0,0,0,0,0,0,0,0,0,0,0
LHA,POND_1_B,2.5,29.5523333333333,-89.85025,2018-05-19,3,101,0,0,20,0,0,0,0,0,0,0,0,10,0,0,0,0,0,0,0,0,0,0,0,0,0,0,0,0,0,0
LHA,POND_1_C,2.5,29.5523333333333,-89.85025,2018-05-19,3,101,0,0,30,0,0,0,0,0,0,0,0,0,0,0,0,0,0,0,0,0,0,0,0,0,0,0,0,0,0,0
LHA,POND_2_A,2.5,29.5518833333333,-89.8506166666667,2018-05-19,3,104,0,0,70,0,0,0,0,0,0,0,0,20,10,0,0,0,0,0,0,0,0,0,0,0,0,0,0,0,0,0
LHA,POND_2_B,2.5,29.5518833333333,-89.8506166666667,2018-05-19,3,104,0,0,0,0,0,0,0,0,0,10,0,0,0,0,0,0,0,0,0,0,0,0,0,0,0,0,0,0,0,0
LHA,POND_3_A,2.5,29.5514833333333,-89.85065,2018-05-19,3,103,0,0,30,0,0,0,0,10,0,0,0,20,10,10,0,0,0,0,0,0,0,0,0,0,0,0,0,0,0,0
LHA,POND_3_B,2.5,29.5514833333333,-89.85065,2018-05-19,3,103,0,0,30,0,0,0,0,0,0,0,0,30,0,0,0,0,0,0,0,0,0,0,0,0,0,0,0,0,0,0
LHA,POND_3_C,2.5,29.5514833333333,-89.85065,2018-05-19,3,103,0,0,20,0,0,0,0,0,0,0,0,60,0,0,0,0,0,0,0,0,0,0,0,0,0,0,0,0,0,0
LHB,EDGE_1_B,2.5,29.55345,-89.8590666666667,2018-05-19,3,86,0,0,0,10,0,0,0,0,0,0,0,0,0,0,0,0,0,0,0,0,0,0,0,0,0,0,0,0,0,0
LHB,EDGE_1_C,2.5,29.55345,-89.8590666666667,2018-05-19,3,86,0,0,0,10,0,0,0,0,0,0,0,0,0,0,0,0,0,0,0,0,0,0,0,0,0,0,0,0,0,0
LHB,EDGE_2_A,2.5,29.5540166666667,-89.85955,2018-05-19,3,92,0,0,10,20,10,0,0,0,0,0,0,0,0,0,0,0,0,0,0,0,0,0,0,0,0,0,0,0,0,0
LHB,EDGE_2_B,2.5,29.5540166666667,-89.85955,2018-05-19,3,92,0,0,20,30,0,0,0,0,0,0,0,0,0,0,0,0,0,0,0,0,0,0,0,0,0,0,0,0,0,0
LHB,EDGE_2_C,2.5,29.5540166666667,-89.85955,2018-05-19,3,92,0,0,60,0,0,0,0,0,0,0,0,0,0,0,0,0,0,0,0,0,0,0,0,0,0,0,0,0,0,0
LHB,EDGE_3_A,2.5,29.55445,-89.8599666666667,2018-05-19,3,83,0,0,50,0,0,0,0,0,0,0,0,0,0,0,0,0,0,0,0,0,0,0,0,0,0,0,0,0,0,0
LHB,EDGE_3_B,2.5,29.55445,-89.8599666666667,2018-05-19,3,83,0,0,0,10,0,0,0,0,0,0,0,0,0,0,0,0,0,0,0,0,0,0,0,0,0,0,0,0,0,0
LHB,EDGE_3_C,2.5,29.55445,-89.8599666666667,2018-05-19,3,83,0,0,70,10,0,0,0,0,0,0,0,0,0,0,0,0,0,0,0,0,0,0,0,0,0,0,0,0,0,0
LHB,CREEK_1_A,2.5,29.5532333333333,-89.8594666666667,2018-05-19,3,80,0,0,10,0,10,0,30,0,0,0,0,0,0,0,0,0,0,0,0,0,0,0,0,0,0,0,0,0,0,0
LHB,CREEK_2_A,2.5,29.5531,-89.86,2018-05-19,3,76,0,0,130,0,10,0,0,0,0,0,0,0,0,0,0,0,0,0,0,0,0,0,0,0,0,0,0,0,0,0
LHB,CREEK_2_B,2.5,29.5531,-89.86,2018-05-19,3,76,0,0,20,0,0,0,0,0,0,0,0,0,0,0,0,0,0,0,0,0,0,0,0,0,0,0,0,0,0,0
LHB,CREEK_2_C,2.5,29.5531,-89.86,2018-05-19,3,76,0,0,50,0,0,0,0,0,0,0,0,0,0,0,0,0,0,0,0,0,0,0,0,0,0,0,0,0,0,0
LHB,CREEK_3_A,2.5,29.5527833333333,-89.8603833333333,2018-05-19,3,70,0,0,50,0,10,0,0,0,0,0,0,0,0,0,0,0,0,0,0,0,0,0,0,0,0,0,0,0,0,0
LHB,CREEK_3_B,2.5,29.5527833333333,-89.8603833333333,2018-05-19,3,70,0,0,20,0,0,0,0,0,0,0,0,0,0,0,0,0,0,0,0,0,0,0,0,0,0,0,0,0,0,0
LHB,POND_1_A,2.5,29.5536666666667,-89.85935,2018-05-19,3,88,0,0,110,0,0,0,0,0,0,0,0,0,0,0,10,0,0,0,0,0,0,0,0,0,0,0,0,0,0,0
LHB,POND_1_B,2.5,29.5536666666667,-89.85935,2018-05-19,3,88,0,0,200,0,0,0,0,0,0,0,0,0,0,0,10,10,0,0,0,0,0,0,0,0,0,0,0,0,0,0
LHB,POND_1_C,2.5,29.5536666666667,-89.85935,2018-05-19,3,88,0,0,90,0,0,0,0,0,0,0,0,0,0,0,0,0,0,0,0,0,0,0,0,0,0,0,0,0,0,0
LHB,POND_2_A,2.5,29.554,-89.8596833333333,2018-05-19,3,84,0,0,120,0,10,0,0,0,0,0,0,0,60,0,0,0,0,0,0,0,0,0,0,0,0,0,0,0,0,0
LHB,POND_2_B,2.5,29.554,-89.8596833333333,2018-05-19,3,84,0,0,160,0,0,0,0,0,0,0,0,0,0,0,0,0,0,0,0,0,0,0,0,0,0,0,0,0,0,0
LHB,POND_2_C,2.5,29.554,-89.8596833333333,2018-05-19,3,84,0,0,90,0,0,0,0,0,0,20,0,0,10,0,0,0,0,0,0,0,0,0,0,0,0,0,0,0,0,0
LHB,POND_3_A,2.5,29.5544,-89.86005,2018-05-19,3,78,0,0,290,0,0,0,0,0,0,0,0,0,0,0,0,0,0,0,0,0,0,0,0,0,0,0,0,0,0,0
LHB,POND_3_B,2.5,29.5544,-89.86005,2018-05-19,3,78,0,0,250,0,10,0,0,0,0,0,0,0,0,0,0,0,0,0,0,0,0,0,0,0,0,0,0,0,0,0
LHB,POND_3_C,2.5,29.5544,-89.86005,2018-05-19,3,78,0,0,260,0,0,0,0,0,0,0,0,0,0,0,0,0,0,0,0,0,0,0,0,0,0,0,0,0,0,0
LHC,EDGE_1_A,2.5,29.5567833333333,-89.8586,2018-05-19,3,90,0,50,0,10,0,0,0,0,0,0,0,0,0,0,0,0,0,0,0,0,0,0,0,0,0,0,0,0,0,0
LHC,EDGE_1_B,2.5,29.5567833333333,-89.8586,2018-05-19,3,90,0,240,0,20,10,0,0,0,0,0,0,0,0,0,0,0,0,0,0,0,0,0,0,0,0,0,0,0,0,0
LHC,EDGE_1_C,2.5,29.5567833333333,-89.8586,2018-05-19,3,90,0,30,0,0,0,0,0,0,0,0,0,0,0,0,0,0,0,0,0,0,0,0,0,0,0,0,0,0,0,0
LHC,EDGE_2_A,2.5,29.5563833333333,-89.8585,2018-05-19,3,94,0,0,0,10,0,0,0,0,0,0,0,0,0,0,0,0,0,0,0,0,0,0,0,0,0,0,0,0,0,0
LHC,EDGE_2_B,2.5,29.5563833333333,-89.8585,2018-05-19,3,94,0,0,20,0,0,0,0,0,0,0,0,0,0,0,0,0,0,0,0,0,0,0,0,0,0,0,0,0,0,0
LHC,EDGE_2_C,2.5,29.5563833333333,-89.8585,2018-05-19,3,94,0,10,0,30,0,0,0,0,0,0,0,0,0,0,0,0,0,0,0,0,0,0,0,0,0,0,0,0,0,0
LHC,EDGE_3_A,2.5,29.556,-89.8584166666667,2018-05-19,3,96,0,30,0,10,0,0,0,0,0,0,0,0,0,0,0,0,0,0,0,0,0,0,0,0,0,0,0,0,0,0
LHC,EDGE_3_B,2.5,29.556,-89.8584166666667,2018-05-19,3,96,0,30,0,0,0,0,0,0,0,0,0,0,0,0,0,0,0,0,0,0,0,0,0,0,0,0,0,0,0,0
LHC,CREEK_1_A,2.5,29.5570333333333,-89.8583666666667,2018-05-19,3,93,0,0,10,0,10,0,0,100,0,0,0,0,0,0,0,0,0,0,0,0,0,0,0,0,0,0,0,0,0,0
LHC,CREEK_1_B,2.5,29.5570333333333,-89.8583666666667,2018-05-19,3,93,0,0,0,0,0,0,0,0,0,0,10,0,0,0,0,0,0,0,0,0,0,0,0,0,0,0,0,0,0,0
LHC,CREEK_2_A,2.5,29.5571166666667,-89.8580833333333,2018-05-19,3,90,0,0,80,0,10,0,0,0,0,0,0,0,0,0,0,0,0,0,0,0,0,0,0,0,0,0,0,0,0,0
LHC,CREEK_2_B,2.5,29.5571166666667,-89.8580833333333,2018-05-19,3,90,0,0,10,0,0,0,0,0,0,0,0,0,0,0,0,0,0,0,0,0,0,0,0,0,0,0,0,0,0,0
LHC,CREEK_3_A,2.5,29.5570666666667,-89.8578833333333,2018-05-19,3,88,0,0,40,0,0,0,0,0,0,0,0,0,0,0,0,0,0,0,0,0,0,0,0,0,0,0,0,0,0,0
LHC,CREEK_3_B,2.5,29.5570666666667,-89.8578833333333,2018-05-19,3,88,0,0,80,0,0,0,0,0,0,0,0,0,0,0,0,0,0,0,0,0,0,0,0,0,0,0,0,0,0,0
LHC,CREEK_3_C,2.5,29.5570666666667,-89.8578833333333,2018-05-19,3,88,0,0,20,0,0,0,0,0,0,0,0,0,0,0,0,0,0,0,0,0,0,0,0,0,0,0,0,0,0,0
LHC,POND_1_A,2.5,29.5560333333333,-89.8581,2018-05-19,3,155,0,0,60,0,10,0,0,60,0,20,0,0,0,0,0,0,0,0,0,0,0,0,0,0,0,0,0,0,0,0
LHC,POND_1_B,2.5,29.5560333333333,-89.8581,2018-05-19,3,155,0,0,0,0,0,0,0,0,0,10,10,0,0,0,0,0,0,0,0,0,0,0,0,0,0,0,0,0,0,0
LHC,POND_1_C,2.5,29.5560333333333,-89.8581,2018-05-19,3,155,0,0,0,0,10,0,0,0,0,0,0,0,0,0,0,0,0,0,0,0,0,0,0,0,0,0,0,0,0,0
LHC,POND_2_A,2.5,29.5560333333333,-89.8581,2018-05-19,3,93,0,0,40,0,0,0,0,0,0,0,0,0,10,0,20,0,0,0,0,0,0,0,0,0,0,0,0,0,0,0
LHC,POND_2_B,2.5,29.5560333333333,-89.8581,2018-05-19,3,93,0,0,190,0,10,0,0,30,0,30,10,10,10,0,0,0,0,0,0,0,0,0,0,0,0,0,0,0,0,0
LHC,POND_2_C,2.5,29.5560333333333,-89.8581,2018-05-19,3,93,0,0,10,0,0,0,0,0,0,0,0,0,0,0,0,0,0,0,0,0,0,0,0,0,0,0,0,0,0,0
LHC,POND_3_A,2.5,29.5560333333333,-89.8581,2018-05-19,3,96,0,0,20,0,10,0,0,0,0,0,0,0,0,0,0,0,0,0,0,0,0,0,0,0,0,0,0,0,0,0
LHC,POND_3_B,2.5,29.5560333333333,-89.8581,2018-05-19,3,96,0,0,0,0,10,0,0,0,0,0,0,0,0,0,10,0,0,0,0,0,0,0,0,0,0,0,0,0,0,0
LHC,POND_3_C,2.5,29.5560333333333,-89.8581,2018-05-19,3,96,0,0,100,0,20,0,0,0,0,10,0,0,120,0,0,0,0,0,0,0,0,0,0,0,0,0,0,0,0,0
LHA,EDGE_1_A,2.5,29.5519666666667,-89.8518166666667,2018-05-20,3,77,0,60,0,0,0,0,0,0,0,0,0,0,0,0,0,0,0,0,0,0,0,0,0,0,0,0,0,0,0,0
LHA,EDGE_1_B,2.5,29.5519666666667,-89.8518166666667,2018-05-20,3,77,0,0,30,10,10,0,0,0,0,0,10,0,0,0,0,0,0,0,0,0,0,0,0,0,0,0,0,0,0,0
LHA,EDGE_1_C,2.5,29.5519666666667,-89.8518166666667,2018-05-20,3,77,0,120,0,10,0,0,0,0,0,0,20,0,0,0,0,0,0,0,0,0,0,0,0,0,0,0,0,0,0,0
LHA,EDGE_2_A,2.5,29.5516,-89.8516,2018-05-20,3,78,0,60,40,0,0,0,0,0,0,0,0,0,0,0,0,0,0,0,0,0,0,0,0,0,0,0,0,0,0,0
LHA,EDGE_2_B,2.5,29.5516,-89.8516,2018-05-20,3,78,0,140,10,0,0,0,0,0,0,0,0,0,0,0,0,0,0,0,0,0,0,0,0,0,0,0,0,0,0,0
LHA,EDGE_2_C,2.5,29.5516,-89.8516,2018-05-20,3,78,0,0,50,0,0,0,0,0,0,0,0,0,0,0,0,0,0,0,0,0,0,0,0,0,0,0,0,0,0,0
LHA,EDGE_3_A,2.5,29.5511833333333,-89.8513666666667,2018-05-20,3,77,0,0,10,0,0,0,0,0,0,0,0,0,0,0,0,0,0,0,0,0,0,0,0,0,0,0,0,0,0,0
LHA,EDGE_3_B,2.5,29.5511833333333,-89.8513666666667,2018-05-20,3,77,0,40,60,0,0,0,0,0,0,0,0,0,0,0,0,0,0,0,0,0,0,0,0,0,0,0,0,0,0,0
LHA,EDGE_3_C,2.5,29.5511833333333,-89.8513666666667,2018-05-20,3,77,0,0,30,0,0,0,0,0,0,0,0,0,0,0,0,0,0,0,0,0,0,0,0,0,0,0,0,0,0,0
LHA,CREEK_1_C,2.5,29.5522833333333,-89.8516833333333,2018-05-20,3,67,0,0,30,0,0,0,0,0,0,0,0,0,0,0,0,0,0,0,0,0,0,0,0,0,0,0,0,0,0,0
LHA,CREEK_2_B,2.5,29.5524,-89.8515166666667,2018-05-20,3,77,0,0,60,0,0,0,0,0,0,0,0,0,0,0,0,0,0,0,0,0,0,0,0,0,0,0,0,0,0,0
LHA,CREEK_2_C,2.5,29.5524,-89.8515166666667,2018-05-20,3,77,0,0,10,0,0,0,0,0,0,0,0,0,0,0,0,0,0,0,0,0,0,0,0,0,0,0,0,0,0,0
LHA,CREEK_3_A,2.5,29.55245,-89.8512833333333,2018-05-20,3,82,0,0,20,0,0,0,0,0,0,0,0,0,0,0,0,0,0,0,0,0,0,0,0,0,0,0,0,0,0,0
LHA,CREEK_3_B,2.5,29.55245,-89.8512833333333,2018-05-20,3,82,0,0,120,0,0,10,0,0,0,0,0,0,0,0,0,0,0,0,0,0,0,0,0,0,0,0,0,0,0,0
LHA,CREEK_3_C,2.5,29.55245,-89.8512833333333,2018-05-20,3,82,0,0,10,20,10,0,0,0,0,0,0,0,0,0,0,0,0,0,0,0,0,0,0,0,0,0,0,0,0,0
LHA,POND_1_A,2.5,29.5523333333333,-89.85025,2018-05-20,3,79,0,0,20,0,0,0,0,0,0,0,0,0,0,0,0,0,0,0,0,0,0,0,0,0,0,0,0,0,0,0
LHA,POND_1_B,2.5,29.5523333333333,-89.85025,2018-05-20,3,79,0,0,40,0,0,0,0,10,0,0,0,10,0,0,0,0,0,0,0,0,0,0,0,0,0,0,0,0,0,0
LHA,POND_1_C,2.5,29.5523333333333,-89.85025,2018-05-20,3,79,0,0,40,0,0,0,0,0,0,0,0,40,0,0,0,0,0,0,0,0,0,0,0,0,0,0,0,0,0,0
LHA,POND_2_A,2.5,29.5518833333333,-89.8506166666667,2018-05-20,3,88,0,0,120,0,0,0,0,0,0,0,0,0,0,0,0,10,0,0,0,0,0,0,0,0,0,0,0,0,0,0
LHA,POND_2_B,2.5,29.5518833333333,-89.8506166666667,2018-05-20,3,88,0,10,50,0,0,0,0,10,0,0,0,20,10,0,0,0,0,0,0,0,0,0,0,0,0,0,0,0,0,0
LHA,POND_2_C,2.5,29.5518833333333,-89.8506166666667,2018-05-20,3,88,0,0,10,0,0,0,0,0,0,0,0,0,0,0,0,0,0,0,0,0,0,0,0,0,0,0,0,0,0,0
LHA,POND_3_A,2.5,29.5514833333333,-89.85065,2018-05-20,3,74,0,0,0,0,0,0,0,20,0,0,0,0,0,0,0,0,0,0,0,0,0,0,0,0,0,0,0,0,0,0
LHA,POND_3_B,2.5,29.5514833333333,-89.85065,2018-05-20,3,74,0,0,10,0,0,0,0,10,0,0,0,20,10,0,0,0,0,0,0,0,0,0,0,0,0,0,0,0,0,0
LHB,EDGE_1_B,2.5,29.55345,-89.8590666666667,2018-05-20,3,74,0,60,0,0,0,0,0,0,0,0,0,0,0,0,0,0,0,0,0,0,0,0,0,0,0,0,0,0,0,0
LHB,EDGE_1_C,2.5,29.55345,-89.8590666666667,2018-05-20,3,74,0,20,20,0,0,0,0,0,0,0,0,0,0,0,0,0,0,0,0,0,0,0,0,0,0,0,0,0,0,0
LHB,EDGE_2_A,2.5,29.5540166666667,-89.85955,2018-05-20,3,74,0,0,10,0,0,0,0,0,0,0,0,0,0,0,0,0,0,0,0,0,0,0,0,0,0,0,0,0,0,0
LHB,EDGE_2_B,2.5,29.5540166666667,-89.85955,2018-05-20,3,74,0,30,0,0,0,0,0,0,0,0,0,0,0,0,0,0,0,0,0,0,0,0,0,0,0,0,0,0,0,0
LHB,EDGE_2_C,2.5,29.5540166666667,-89.85955,2018-05-20,3,74,0,0,50,0,10,0,0,0,0,0,0,0,0,0,0,0,0,0,0,0,0,0,0,0,0,0,0,0,0,0
LHB,EDGE_3_A,2.5,29.55445,-89.8599666666667,2018-05-20,3,75,0,90,0,0,10,0,0,0,0,0,10,0,0,0,0,0,0,0,0,0,0,0,0,0,0,0,0,0,0,0
LHB,EDGE_3_B,2.5,29.55445,-89.8599666666667,2018-05-20,3,75,0,50,20,20,0,0,0,0,0,0,0,0,0,0,0,0,0,0,0,0,0,0,0,0,0,0,0,0,0,0
LHB,CREEK_1_A,2.5,29.5532333333333,-89.8594666666667,2018-05-20,3,76,0,0,80,0,0,0,0,0,0,0,0,0,0,0,0,0,0,0,0,0,0,0,0,0,0,0,0,0,0,0
LHB,CREEK_1_B,2.5,29.5532333333333,-89.8594666666667,2018-05-20,3,76,0,0,90,0,10,0,0,0,0,0,0,0,0,0,0,10,0,0,0,0,0,0,0,0,0,0,0,0,0,0
LHB,CREEK_2_A,2.5,29.5531,-89.86,2018-05-20,3,76,0,10,70,0,0,0,0,0,0,0,0,0,0,0,0,0,0,0,0,0,0,0,0,0,0,0,0,0,0,0
LHB,CREEK_2_B,2.5,29.5531,-89.86,2018-05-20,3,76,0,0,10,0,0,0,0,0,0,0,0,0,0,0,0,0,0,0,0,0,0,0,0,0,0,0,0,0,0,0
LHB,CREEK_2_C,2.5,29.5531,-89.86,2018-05-20,3,76,0,0,90,0,0,0,0,0,0,0,0,0,0,0,0,0,0,0,0,0,0,0,0,0,0,0,0,0,0,0
LHB,CREEK_3_A,2.5,29.5527833333333,-89.8603833333333,2018-05-20,3,75,0,0,110,0,0,0,0,0,0,0,0,0,0,0,0,0,0,0,0,0,0,0,0,0,0,0,0,0,0,0
LHB,CREEK_3_B,2.5,29.5527833333333,-89.8603833333333,2018-05-20,3,75,0,0,50,0,0,0,10,10,0,0,10,0,0,0,0,10,0,0,0,0,0,0,0,0,0,0,0,0,0,0
LHB,CREEK_3_C,2.5,29.5527833333333,-89.8603833333333,2018-05-20,3,75,0,30,10,0,0,0,0,0,0,0,10,0,0,0,0,0,0,0,0,0,0,0,0,0,0,0,0,0,0,0
LHB,POND_1_A,2.5,29.5536666666667,-89.85935,2018-05-20,3,75,0,0,60,0,0,0,0,0,0,0,0,0,0,0,0,0,0,0,0,0,0,0,0,0,0,0,0,0,0,0
LHB,POND_1_B,2.5,29.5536666666667,-89.85935,2018-05-20,3,75,0,0,190,0,0,0,0,20,0,0,0,0,0,0,0,10,0,0,0,0,0,0,0,0,0,0,0,0,0,0
LHB,POND_1_C,2.5,29.5536666666667,-89.85935,2018-05-20,3,75,0,0,30,0,0,0,0,0,0,0,0,0,10,0,0,0,0,0,0,0,0,0,0,0,0,0,0,0,0,0
LHB,POND_2_A,2.5,29.554,-89.8596833333333,2018-05-20,3,72,0,0,140,0,0,0,0,0,0,0,0,0,0,0,0,0,0,0,0,0,0,0,0,0,0,0,0,0,0,0
LHB,POND_2_B,2.5,29.554,-89.8596833333333,2018-05-20,3,72,0,0,150,0,0,0,0,0,0,0,0,0,20,0,10,0,0,0,0,0,0,0,0,0,0,0,0,0,0,0
LHB,POND_2_C,2.5,29.554,-89.8596833333333,2018-05-20,3,72,0,0,90,0,0,0,0,0,0,0,0,0,0,0,0,0,0,0,0,0,0,0,0,0,0,0,0,0,0,0
LHB,POND_3_A,2.5,29.5544,-89.86005,2018-05-20,3,61,0,0,180,0,0,0,0,0,0,0,0,0,0,0,0,0,0,0,0,0,0,0,0,0,0,0,0,0,0,0
LHB,POND_3_B,2.5,29.5544,-89.86005,2018-05-20,3,61,0,0,140,0,0,0,0,0,0,0,0,0,0,0,0,0,0,0,0,0,0,0,0,0,0,0,0,0,0,0
LHB,POND_3_C,2.5,29.5544,-89.86005,2018-05-20,3,61,0,0,200,0,0,0,0,0,0,0,0,0,70,0,20,50,0,0,0,0,0,0,0,0,0,0,0,0,0,0
LHC,EDGE_1_A,2.5,29.5567833333333,-89.8586,2018-05-20,3,68,0,10,10,0,20,0,0,0,0,0,0,0,0,0,0,0,0,0,0,0,0,0,0,0,0,0,0,0,0,0
LHC,EDGE_1_B,2.5,29.5567833333333,-89.8586,2018-05-20,3,68,0,500,0,0,0,0,0,0,0,0,0,0,0,0,0,0,0,0,0,0,0,0,0,0,0,0,0,0,0,0
LHC,EDGE_1_C,2.5,29.5567833333333,-89.8586,2018-05-20,3,68,0,60,0,0,0,0,0,0,0,0,0,0,0,0,0,0,0,0,0,0,0,0,0,0,0,0,0,0,0,0
LHC,EDGE_2_A,2.5,29.5563833333333,-89.8585,2018-05-20,3,69,0,20,0,0,0,0,0,0,0,0,0,0,0,0,0,0,0,0,0,0,0,0,0,0,0,0,0,0,0,0
LHC,EDGE_2_B,2.5,29.5563833333333,-89.8585,2018-05-20,3,69,0,50,0,0,0,0,0,0,0,0,0,0,0,0,0,0,0,0,0,0,0,0,0,0,0,0,0,0,0,0
LHC,EDGE_2_C,2.5,29.5563833333333,-89.8585,2018-05-20,3,69,0,0,30,0,0,0,0,0,0,0,0,0,0,0,0,0,0,0,0,0,0,0,0,0,0,0,0,0,0,0
LHC,EDGE_3_A,2.5,29.556,-89.8584166666667,2018-05-20,3,60,0,40,0,0,10,0,0,0,0,0,0,0,0,0,0,0,0,0,0,0,0,0,0,0,0,0,0,0,0,0
LHC,EDGE_3_B,2.5,29.556,-89.8584166666667,2018-05-20,3,60,0,20,0,10,0,0,0,0,0,0,0,0,0,0,0,0,0,0,0,0,0,0,0,0,0,0,0,0,0,0
LHC,EDGE_3_C,2.5,29.556,-89.8584166666667,2018-05-20,3,60,0,50,0,0,0,0,0,0,0,0,0,0,0,0,0,0,0,0,0,0,0,0,0,0,0,0,0,0,0,0
LHC,CREEK_2_A,2.5,29.5571166666667,-89.8580833333333,2018-05-20,3,67,0,0,30,0,0,0,0,0,0,0,0,0,0,0,0,0,0,0,0,0,0,0,0,0,0,0,0,0,0,0
LHC,CREEK_2_B,2.5,29.5571166666667,-89.8580833333333,2018-05-20,3,67,0,0,50,0,0,0,0,20,0,0,0,0,0,0,0,0,0,0,0,0,0,0,0,0,0,0,0,0,0,0
LHC,CREEK_2_C,2.5,29.5571166666667,-89.8580833333333,2018-05-20,3,67,0,0,20,0,0,0,0,0,0,0,0,0,0,0,0,0,0,0,0,0,0,0,0,0,0,0,0,0,0,0
LHC,CREEK_3_A,2.5,29.5570666666667,-89.8578833333333,2018-05-20,3,65,0,0,10,0,10,0,0,0,0,0,0,0,0,0,0,0,0,0,0,0,0,0,0,0,0,0,0,0,0,0
LHC,CREEK_3_B,2.5,29.5570666666667,-89.8578833333333,2018-05-20,3,65,0,0,140,0,0,0,0,0,0,0,0,0,0,0,0,0,0,0,0,0,0,0,0,0,0,0,0,0,0,0
LHC,CREEK_3_C,2.5,29.5570666666667,-89.8578833333333,2018-05-20,3,65,0,0,0,0,10,0,0,0,0,0,0,0,0,0,0,0,0,0,0,0,0,0,0,0,0,0,0,0,0,0
LHC,POND_1_A,2.5,29.5560333333333,-89.8581,2018-05-20,3,65,0,0,0,0,0,0,0,30,0,0,0,0,0,0,0,0,0,0,0,0,0,0,0,0,0,0,0,0,0,0
LHC,POND_1_B,2.5,29.5560333333333,-89.8581,2018-05-20,3,65,0,0,30,0,0,0,0,10,0,0,0,0,0,0,0,0,0,0,0,0,0,0,0,0,0,0,0,0,0,0
LHC,POND_1_C,2.5,29.5560333333333,-89.8581,2018-05-20,3,65,0,0,10,0,10,0,0,0,0,0,0,10,0,0,0,0,0,0,0,0,0,0,0,0,0,0,0,0,0,0
LHC,POND_2_A,2.5,29.5560333333333,-89.8581,2018-05-20,3,70,0,0,10,0,10,0,0,0,0,10,0,0,10,0,0,10,0,0,0,0,0,0,0,0,0,0,0,0,0,0
LHC,POND_3_A,2.5,29.5560333333333,-89.8581,2018-05-20,3,72,0,0,10,0,10,0,0,0,0,0,0,0,0,0,0,0,0,0,0,0,0,0,0,0,0,0,0,0,0,0
LHC,POND_3_B,2.5,29.5560333333333,-89.8581,2018-05-20,3,72,0,0,40,0,10,0,0,0,0,0,0,0,0,0,0,0,0,0,0,0,0,0,0,0,0,0,0,0,0,0
LHC,POND_3_C,2.5,29.5560333333333,-89.8581,2018-05-20,3,72,0,0,0,0,10,0,0,0,0,0,0,0,0,0,0,0,0,0,0,0,0,0,0,0,0,0,0,0,0,0
WPH1,EDGE_1_A,2.5,29.5603833333333,-89.8100666666667,2018-05-21,3,81,0,40,0,10,0,0,0,0,0,0,0,0,0,0,0,0,0,0,0,0,0,0,0,0,0,0,0,0,0,0
WPH1,EDGE_1_B,2.5,29.5603833333333,-89.8100666666667,2018-05-21,3,81,0,50,0,0,0,0,0,0,0,0,30,0,0,0,0,0,0,0,0,0,0,0,0,0,0,0,0,0,0,0
WPH1,EDGE_1_C,2.5,29.5603833333333,-89.8100666666667,2018-05-21,3,81,0,50,0,0,0,0,0,0,0,0,0,0,0,0,0,0,0,0,0,0,0,0,0,0,0,0,0,0,0,0
WPH1,EDGE_2_A,2.5,29.56105,-89.8097333333333,2018-05-21,3,104,0,120,0,0,0,0,0,0,0,0,0,0,0,0,0,0,0,0,0,0,0,0,0,0,0,0,0,0,0,0
WPH1,EDGE_2_B,2.5,29.56105,-89.8097333333333,2018-05-21,3,104,0,60,10,0,0,0,10,0,0,0,0,0,0,0,0,0,0,0,0,0,0,0,0,0,0,0,0,0,0,0
WPH1,EDGE_2_C,2.5,29.56105,-89.8097333333333,2018-05-21,3,104,0,0,40,0,0,0,0,0,0,0,0,0,0,0,0,0,0,0,0,0,0,0,0,0,0,0,0,0,0,0
WPH1,EDGE_3_A,2.5,29.5616333333333,-89.8093833333333,2018-05-21,3,122,0,0,200,0,0,0,0,0,0,0,0,0,0,0,0,0,0,0,0,0,0,0,0,0,0,0,0,0,0,0
WPH1,EDGE_3_C,2.5,29.5616333333333,-89.8093833333333,2018-05-21,3,122,0,100,0,0,0,0,0,10,0,0,0,0,0,0,0,0,10,0,0,0,0,0,0,0,0,0,0,0,0,0
WPH1,EDGE_1_A,2.5,29.5603833333333,-89.8100666666667,2018-05-22,3,74,0,10,60,0,0,0,0,0,0,0,0,0,0,0,0,0,0,0,0,0,0,0,0,0,0,0,0,0,0,0
WPH1,EDGE_1_B,2.5,29.5603833333333,-89.8100666666667,2018-05-22,3,74,0,50,10,0,0,0,0,0,0,0,0,0,0,0,0,0,0,0,0,0,0,0,0,0,0,0,0,0,0,0
WPH1,EDGE_1_C,2.5,29.5603833333333,-89.8100666666667,2018-05-22,3,74,0,10,30,20,0,0,0,0,0,0,0,0,0,0,0,0,0,0,0,0,0,0,0,0,0,0,0,0,0,0
WPH1,EDGE_2_A,2.5,29.56105,-89.8097333333333,2018-05-22,3,75,0,140,10,0,0,0,0,0,0,0,0,0,0,0,0,0,0,0,0,0,0,0,0,0,0,0,0,0,0,0
WPH1,EDGE_2_B,2.5,29.56105,-89.8097333333333,2018-05-22,3,75,0,30,20,0,10,0,0,0,0,0,0,0,0,0,0,0,0,0,0,0,0,0,0,0,0,0,0,0,0,0
WPH1,EDGE_2_C,2.5,29.56105,-89.8097333333333,2018-05-22,3,75,0,10,0,0,0,0,0,0,0,0,0,0,0,0,0,0,0,0,0,0,0,0,0,0,0,0,0,0,0,0
WPH1,EDGE_3_A,2.5,29.5616333333333,-89.8093833333333,2018-05-22,3,76,0,0,100,0,0,0,0,0,0,0,0,0,0,0,0,0,0,0,0,0,0,0,0,0,0,0,0,0,0,0
WPH1,EDGE_3_B,2.5,29.5616333333333,-89.8093833333333,2018-05-22,3,76,0,0,70,0,0,0,0,0,0,0,0,0,0,0,0,0,0,0,0,0,0,0,0,0,0,0,0,0,0,0
WPH1,EDGE_3_C,2.5,29.5616333333333,-89.8093833333333,2018-05-22,3,76,0,20,0,0,0,0,0,0,0,0,0,0,0,0,0,0,0,0,0,0,0,0,0,0,0,0,0,0,0,0
WPH1,EDGE_1_A,2.5,29.5603833333333,-89.8100666666667,2018-05-23,3,90,0,150,0,0,0,0,0,0,0,0,0,0,0,0,0,0,0,0,0,0,0,0,0,0,0,0,0,0,0,0
WPH1,EDGE_1_B,2.5,29.5603833333333,-89.8100666666667,2018-05-23,3,90,0,10,0,10,0,0,0,0,0,0,0,0,0,0,0,0,0,0,0,0,0,0,0,0,0,0,0,0,0,0
WPH1,EDGE_1_C,2.5,29.5603833333333,-89.8100666666667,2018-05-23,3,90,0,70,0,10,10,0,0,0,0,0,0,0,0,0,0,0,0,10,0,0,0,0,0,0,0,0,0,0,0,0
WPH1,EDGE_2_A,2.5,29.56105,-89.8097333333333,2018-05-23,3,84,0,20,100,0,10,0,0,0,0,0,0,0,0,0,0,0,0,0,0,0,0,0,0,0,0,0,0,0,0,0
WPH1,EDGE_2_B,2.5,29.56105,-89.8097333333333,2018-05-23,3,84,0,0,80,0,0,0,0,0,0,0,0,0,0,0,0,0,0,0,0,0,0,0,0,0,0,0,0,0,0,0
WPH1,EDGE_2_C,2.5,29.56105,-89.8097333333333,2018-05-23,3,84,0,0,20,0,0,0,0,0,0,0,0,0,0,0,0,0,0,0,0,0,0,0,0,0,0,0,0,0,0,0
WPH1,EDGE_3_A,2.5,29.5616333333333,-89.8093833333333,2018-05-23,3,84,0,0,70,0,0,0,0,0,0,0,0,0,0,0,0,0,0,0,0,0,0,0,0,0,0,0,0,0,0,0
WPH1,EDGE_3_B,2.5,29.5616333333333,-89.8093833333333,2018-05-23,3,84,0,20,0,0,0,0,0,0,0,0,0,0,0,0,0,0,0,0,0,0,0,0,0,0,0,0,0,0,0,0
WPH1,EDGE_3_C,2.5,29.5616333333333,-89.8093833333333,2018-05-23,3,84,0,0,40,10,0,0,0,0,0,0,0,0,0,0,0,0,0,0,0,0,0,0,0,0,0,0,0,0,0,0
WPH1,CREEK_1_B,2.5,29.5602166666667,-89.8097166666667,2018-05-21,3,76,0,20,0,0,10,0,0,0,0,0,0,0,0,0,0,0,0,0,0,0,0,0,0,0,0,0,0,0,0,0
WPH1,CREEK_1_C,2.5,29.5602166666667,-89.8097166666667,2018-05-21,3,76,0,0,30,0,0,0,0,0,0,0,0,0,0,0,0,0,0,0,0,0,0,0,0,0,0,0,0,0,0,0
WPH1,CREEK_3_B,2.5,29.5612333333333,-89.80885,2018-05-21,3,115,0,0,0,0,0,0,0,0,0,0,0,10,0,0,0,0,0,0,10,0,0,0,0,0,0,0,0,0,0,0
WPH1,CREEK_1_A,2.5,29.5602166666667,-89.8097166666667,2018-05-22,3,78,0,0,10,0,0,0,0,0,0,0,0,10,0,0,0,0,0,0,0,0,0,0,0,0,0,0,0,0,0,0
WPH1,CREEK_1_B,2.5,29.5602166666667,-89.8097166666667,2018-05-22,3,78,0,0,80,0,0,0,0,0,0,0,0,0,0,0,0,0,0,0,0,0,0,0,0,0,0,0,0,0,0,0
WPH1,CREEK_1_C,2.5,29.5602166666667,-89.8097166666667,2018-05-22,3,78,0,30,10,0,0,0,0,0,0,0,0,0,0,0,0,0,0,0,0,0,0,0,0,0,0,0,0,0,0,0
WPH1,CREEK_2_A,2.5,29.5607333333333,-89.8091666666667,2018-05-22,3,78,0,0,20,0,0,0,0,0,0,0,0,0,0,0,0,0,0,0,0,0,0,0,0,0,0,0,0,0,0,0
WPH1,CREEK_1_B,2.5,29.5602166666667,-89.8097166666667,2018-05-23,3,93,0,10,0,0,0,0,0,0,0,0,0,0,0,0,0,0,0,0,0,0,0,0,0,0,0,0,0,0,0,0
WPH1,CREEK_3_A,2.5,29.5612333333333,-89.80885,2018-05-23,3,87,0,0,110,0,0,0,0,0,0,0,0,0,0,0,0,0,0,0,0,0,0,0,0,0,0,0,0,0,0,0
WPH1,CREEK_3_B,2.5,29.5612333333333,-89.80885,2018-05-23,3,87,0,0,200,0,0,0,0,0,0,0,0,0,0,0,0,0,0,0,0,0,0,0,0,0,0,0,0,0,0,0
WPH1,CREEK_3_C,2.5,29.5612333333333,-89.80885,2018-05-23,3,87,0,0,0,0,0,0,0,0,0,0,10,0,0,0,0,0,0,0,0,0,0,0,0,0,0,0,0,0,0,0
WPH1,POND_1_A,2.5,29.5602333333333,-89.80975,2018-05-21,3,78,10,0,0,0,0,0,0,0,0,10,0,0,0,0,0,0,0,0,0,0,0,0,0,0,0,0,0,0,0,0
WPH1,POND_1_B,2.5,29.5602333333333,-89.80975,2018-05-21,3,78,0,0,0,0,0,0,0,0,0,20,0,0,0,0,0,0,0,0,0,0,0,0,0,0,0,0,0,0,0,0
WPH1,POND_2_A,2.5,29.5607833333333,-89.8096,2018-05-21,3,102,0,0,0,0,0,0,0,10,0,0,0,0,0,0,0,0,0,0,0,0,0,0,0,0,0,0,0,0,0,0
WPH1,POND_2_B,2.5,29.5607833333333,-89.8096,2018-05-21,3,102,0,0,0,0,10,0,0,0,0,0,0,0,0,0,0,0,0,0,0,0,0,0,0,0,0,0,0,0,0,0
WPH1,POND_2_C,2.5,29.5607833333333,-89.8096,2018-05-21,3,102,0,0,10,0,0,0,0,10,0,20,0,0,0,0,0,0,0,0,0,0,0,0,0,0,0,0,0,0,0,0
WPH1,POND_3_B,2.5,29.5613833333333,-89.8089833333333,2018-05-21,3,116,30,0,0,0,0,0,0,0,0,0,0,0,0,0,0,0,0,0,0,0,0,0,0,0,0,0,0,0,0,0
WPH1,POND_3_C,2.5,29.5613833333333,-89.8089833333333,2018-05-21,3,116,0,0,20,0,0,0,0,0,0,10,0,0,0,0,0,0,0,0,0,0,0,0,0,0,0,0,0,0,0,0
WPH1,POND_1_A,2.5,29.5602333333333,-89.80975,2018-05-22,3,72,0,0,60,0,0,0,0,20,0,40,0,0,0,0,0,0,0,0,0,0,0,0,0,0,0,0,0,0,0,0
WPH1,POND_1_B,2.5,29.5602333333333,-89.80975,2018-05-22,3,72,0,0,130,0,0,0,0,0,0,0,0,0,0,0,0,0,0,0,0,0,0,0,0,0,0,0,0,0,0,0
WPH1,POND_1_C,2.5,29.5602333333333,-89.80975,2018-05-22,3,72,0,0,10,0,0,0,0,0,0,0,0,0,0,0,0,0,0,0,0,0,0,0,0,0,0,0,0,0,0,0
WPH1,POND_2_A,2.5,29.5607833333333,-89.8096,2018-05-22,3,76,0,0,280,0,0,0,0,10,0,0,0,0,0,0,0,0,0,0,0,0,0,0,0,0,0,0,0,0,0,0
WPH1,POND_2_B,2.5,29.5607833333333,-89.8096,2018-05-22,3,76,0,0,100,0,0,0,0,0,0,0,0,0,0,0,0,0,0,0,0,0,0,0,0,0,0,0,0,0,0,0
WPH1,POND_2_C,2.5,29.5607833333333,-89.8096,2018-05-22,3,76,0,0,10,0,0,0,0,0,0,0,0,0,10,0,0,0,0,0,0,0,0,0,0,0,0,0,0,0,0,0
WPH1,POND_3_B,2.5,29.5613833333333,-89.8089833333333,2018-05-22,3,73,20,0,0,0,0,0,0,0,0,40,0,0,0,0,0,0,0,0,0,0,0,0,0,0,0,0,0,0,0,0
WPH1,POND_3_C,2.5,29.5613833333333,-89.8089833333333,2018-05-22,3,73,30,0,0,0,0,0,0,0,0,40,0,0,0,0,0,0,0,0,0,0,0,0,0,0,0,0,0,0,0,0
WPH1,POND_1_A,2.5,29.5602333333333,-89.80975,2018-05-23,3,93,10,0,0,0,0,0,0,0,0,0,0,0,0,0,0,0,0,0,0,0,0,0,0,0,0,0,0,0,0,0
WPH1,POND_1_B,2.5,29.5602333333333,-89.80975,2018-05-23,3,93,40,0,0,0,10,0,0,0,0,0,0,0,10,0,0,0,0,0,0,0,0,0,0,0,0,0,0,0,0,0
WPH1,POND_1_C,2.5,29.5602333333333,-89.80975,2018-05-23,3,93,10,0,10,0,0,0,0,20,0,0,0,0,0,0,0,0,0,0,0,0,0,0,0,0,0,0,0,0,0,0
WPH1,POND_2_A,2.5,29.5607833333333,-89.8096,2018-05-23,3,90,0,0,0,0,0,0,0,0,0,20,0,0,0,0,0,0,0,0,0,0,0,0,0,0,0,0,0,0,0,0
WPH1,POND_2_B,2.5,29.5607833333333,-89.8096,2018-05-23,3,90,0,0,0,0,0,0,0,0,0,10,0,0,0,0,0,0,0,0,0,0,0,0,0,0,0,0,0,0,0,0
WPH1,POND_2_C,2.5,29.5607833333333,-89.8096,2018-05-23,3,90,10,0,40,0,0,0,0,0,0,0,0,0,0,0,0,0,0,0,0,0,0,0,0,0,0,0,0,0,0,0
WPH1,POND_3_A,2.5,29.5613833333333,-89.8089833333333,2018-05-23,3,82,70,0,30,0,0,0,0,20,0,0,0,0,0,0,0,0,0,0,0,0,0,0,0,0,0,0,0,0,0,0
WPH1,POND_3_B,2.5,29.5613833333333,-89.8089833333333,2018-05-23,3,82,20,0,0,0,0,0,0,0,0,0,0,0,0,0,0,0,0,0,0,0,0,0,0,0,0,0,0,0,0,0
WPH1,POND_3_C,2.5,29.5613833333333,-89.8089833333333,2018-05-23,3,82,130,0,0,0,0,0,0,0,0,10,0,0,0,0,0,0,0,0,0,0,0,0,0,0,0,0,0,0,0,0
WPH02,EDGE_1_B,2.5,29.5566333333333,-89.8585333333333,2018-05-21,3,86,0,40,0,0,0,0,0,0,0,0,10,0,0,0,0,0,0,0,0,0,0,0,0,0,0,0,0,0,0,0
WPH02,EDGE_1_C,2.5,29.5566333333333,-89.8585333333333,2018-05-21,3,86,0,0,10,0,0,0,0,0,0,0,0,0,0,0,0,0,0,0,0,0,0,0,0,0,0,0,0,0,0,0
WPH02,EDGE_2_A,2.5,29.5156333333333,-89.7881166666667,2018-05-21,3,96,0,20,40,10,0,0,0,0,0,0,0,0,0,0,0,0,0,0,0,0,0,0,0,0,0,0,0,0,0,0
WPH02,EDGE_2_B,2.5,29.5156333333333,-89.7881166666667,2018-05-21,3,96,0,0,100,0,0,0,0,0,0,0,0,0,0,0,0,0,0,0,0,0,0,0,0,0,0,0,0,0,0,0
WPH02,EDGE_2_C,2.5,29.5156333333333,-89.7881166666667,2018-05-21,3,96,0,0,80,0,0,0,0,0,0,0,0,10,0,0,0,0,0,0,0,0,0,0,0,0,0,0,0,0,0,0
WPH02,EDGE_3_A,2.5,29.5154333333333,-89.7880333333333,2018-05-21,3,93,0,30,0,0,0,0,0,0,0,0,0,0,0,0,0,0,0,0,0,0,0,0,0,0,0,0,0,0,0,0
WPH02,EDGE_3_B,2.5,29.5154333333333,-89.7880333333333,2018-05-21,3,93,0,150,10,10,0,0,0,0,0,0,100,0,0,0,0,0,0,0,0,0,0,0,0,0,0,0,0,0,0,0
WPH02,EDGE_3_C,2.5,29.5154333333333,-89.7880333333333,2018-05-21,3,93,0,30,0,0,0,0,0,0,0,0,20,10,0,0,0,0,0,0,0,0,0,0,0,0,0,0,0,0,0,0
WPH02,EDGE_1_A,2.5,29.5566333333333,-89.8585333333333,2018-05-22,3,70,0,0,0,10,0,0,0,0,0,0,0,0,0,0,0,0,0,0,0,0,0,0,0,0,0,0,0,0,0,0
WPH02,EDGE_1_B,2.5,29.5566333333333,-89.8585333333333,2018-05-22,3,70,0,0,10,10,0,0,0,0,0,0,0,0,0,0,0,0,0,0,0,0,0,0,0,0,0,0,0,0,0,0
WPH02,EDGE_2_A,2.5,29.5156333333333,-89.7881166666667,2018-05-22,3,66,0,20,0,0,0,0,0,0,0,0,0,0,0,0,0,0,0,0,0,0,0,0,0,0,0,0,0,0,0,0
WPH02,EDGE_2_B,2.5,29.5156333333333,-89.7881166666667,2018-05-22,3,66,0,10,0,10,0,0,0,0,0,0,20,0,0,0,0,0,0,0,0,0,0,0,0,0,0,0,0,0,0,0
WPH02,EDGE_2_C,2.5,29.5156333333333,-89.7881166666667,2018-05-22,3,66,0,30,0,0,0,0,0,0,0,0,0,0,0,0,0,0,0,0,0,0,0,0,0,0,0,0,0,0,0,0
WPH02,EDGE_3_A,2.5,29.5154333333333,-89.7880333333333,2018-05-22,3,79,0,0,210,0,10,0,0,0,0,0,0,80,0,0,0,0,0,0,0,0,0,0,0,0,0,0,0,0,0,0
WPH02,EDGE_3_B,2.5,29.5154333333333,-89.7880333333333,2018-05-22,3,79,0,0,0,0,0,0,0,0,0,0,140,0,0,0,0,0,0,0,0,0,0,0,0,0,0,0,0,0,0,0
WPH02,EDGE_3_C,2.5,29.5154333333333,-89.7880333333333,2018-05-22,3,79,0,0,0,10,0,0,0,0,0,0,0,0,0,0,0,0,0,0,0,0,0,0,0,0,0,0,0,0,0,0
WPH02,EDGE_1_B,2.5,29.5566333333333,-89.8585333333333,2018-05-23,3,79,0,0,0,10,0,0,0,0,0,0,0,0,0,0,0,0,0,0,0,0,0,0,0,0,0,0,0,0,0,0
WPH02,EDGE_2_A,2.5,29.5156333333333,-89.7881166666667,2018-05-23,3,66,0,0,10,0,0,0,0,0,0,0,0,0,0,0,0,0,0,0,0,0,0,0,0,0,0,0,0,0,0,0
WPH02,EDGE_2_B,2.5,29.5156333333333,-89.7881166666667,2018-05-23,3,66,0,0,70,0,10,0,0,0,0,0,0,0,0,0,0,0,0,0,0,0,0,0,0,0,0,0,0,0,0,0
WPH02,EDGE_2_C,2.5,29.5156333333333,-89.7881166666667,2018-05-23,3,66,0,0,50,0,0,0,0,0,0,0,90,30,0,0,0,0,0,0,0,0,0,0,0,0,0,0,0,0,0,0
WPH02,EDGE_3_A,2.5,29.5154333333333,-89.7880333333333,2018-05-23,3,69,0,50,0,10,0,0,0,0,0,0,20,0,0,0,0,0,0,0,0,0,0,0,0,0,0,0,0,0,0,0
WPH02,EDGE_3_B,2.5,29.5154333333333,-89.7880333333333,2018-05-23,3,69,0,40,0,10,0,0,0,0,0,0,0,0,0,0,0,0,0,0,0,0,0,0,0,0,0,0,0,0,0,0
WPH02,EDGE_3_C,2.5,29.5154333333333,-89.7880333333333,2018-05-23,3,69,0,50,0,0,0,0,0,0,0,0,0,0,0,0,0,0,0,0,0,0,0,0,0,0,0,0,0,0,0,0
WPH02,CREEK_1_A,2.5,29.5158,-89.7883,2018-05-21,3,85,0,0,20,0,0,0,0,0,0,0,0,0,0,0,0,0,0,0,0,0,0,0,0,0,0,0,0,0,0,0
WPH02,CREEK_1_B,2.5,29.5158,-89.7883,2018-05-21,3,85,0,0,0,0,0,0,0,0,0,0,40,0,0,0,0,0,0,0,0,0,0,0,0,0,0,0,0,0,0,0
WPH02,CREEK_1_C,2.5,29.5158,-89.7883,2018-05-21,3,85,0,0,50,0,0,0,10,0,0,0,10,0,0,0,0,0,0,0,0,0,0,0,0,0,0,0,0,0,0,0
WPH02,CREEK_2_A,2.5,29.51595,-89.7884666666667,2018-05-21,3,99,0,0,20,0,0,0,0,0,0,0,0,0,0,0,0,0,0,0,0,0,0,0,0,0,0,0,0,0,0,0
WPH02,CREEK_2_C,2.5,29.51595,-89.7884666666667,2018-05-21,3,99,0,0,20,0,0,0,10,0,0,0,0,0,0,0,0,0,0,0,0,0,0,0,0,0,0,0,0,0,0,0
WPH02,CREEK_3_C,2.5,29.5161666666667,-89.7885166666667,2018-05-21,3,95,0,0,10,0,0,0,0,0,0,0,0,0,0,0,0,0,0,0,0,0,0,0,0,0,0,0,0,0,0,0
WPH02,CREEK_1_B,2.5,29.5158,-89.7883,2018-05-22,3,69,0,0,40,0,0,0,0,0,0,0,0,0,0,0,0,0,0,0,0,10,0,0,0,0,0,0,0,0,0,0
WPH02,CREEK_1_C,2.5,29.5158,-89.7883,2018-05-22,3,69,0,0,110,10,0,0,0,0,0,0,0,0,0,0,0,0,0,0,0,0,0,0,0,0,0,0,0,0,0,0
WPH02,CREEK_2_A,2.5,29.51595,-89.7884666666667,2018-05-22,3,69,0,0,10,0,0,0,0,0,0,0,0,0,0,0,0,0,0,0,0,0,0,0,0,0,0,0,0,0,0,0
WPH02,CREEK_2_B,2.5,29.51595,-89.7884666666667,2018-05-22,3,69,0,0,20,0,0,0,0,0,0,0,0,0,0,0,0,0,0,0,0,0,0,0,0,0,0,0,0,0,0,0
WPH02,CREEK_2_C,2.5,29.51595,-89.7884666666667,2018-05-22,3,69,0,0,10,0,0,0,0,0,0,0,0,0,0,0,0,0,0,0,0,0,0,0,0,0,0,0,0,0,0,0
WPH02,CREEK_3_A,2.5,29.5161666666667,-89.7885166666667,2018-05-22,3,70,0,0,20,0,0,0,0,0,0,0,0,0,0,0,0,0,0,0,0,0,0,0,0,0,0,0,0,0,0,0
WPH02,CREEK_3_B,2.5,29.5161666666667,-89.7885166666667,2018-05-22,3,70,0,0,50,0,0,0,0,0,0,0,0,0,0,0,0,0,0,0,0,0,0,0,0,0,0,0,0,0,0,0
WPH02,CREEK_1_A,2.5,29.5158,-89.7883,2018-05-23,3,64,0,0,10,0,0,0,0,0,0,0,0,0,0,0,0,0,0,0,0,0,0,0,0,0,0,0,0,0,0,0
WPH02,CREEK_1_B,2.5,29.5158,-89.7883,2018-05-23,3,64,0,0,50,0,0,0,0,0,0,0,0,0,10,0,0,0,0,0,0,0,0,0,0,0,0,0,0,0,0,0
WPH02,CREEK_1_C,2.5,29.5158,-89.7883,2018-05-23,3,64,0,0,40,0,0,0,0,0,0,0,0,0,0,0,0,0,0,0,0,0,0,0,0,0,0,0,0,0,0,0
WPH02,CREEK_2_A,2.5,29.51595,-89.7884666666667,2018-05-23,3,61,0,0,10,0,0,0,0,0,0,0,0,0,0,0,0,0,0,0,0,0,0,0,0,0,0,0,0,0,0,0
WPH02,CREEK_2_B,2.5,29.51595,-89.7884666666667,2018-05-23,3,61,0,0,10,0,0,0,0,0,0,0,0,0,0,0,0,0,0,0,0,0,0,0,0,0,0,0,0,0,0,0
WPH02,CREEK_2_C,2.5,29.51595,-89.7884666666667,2018-05-23,3,61,0,0,80,0,0,0,0,0,0,0,0,0,0,0,0,0,0,0,0,0,0,0,0,0,0,0,0,0,0,0
WPH02,CREEK_3_A,2.5,29.5161666666667,-89.7885166666667,2018-05-23,3,61,0,0,60,0,0,0,0,0,0,0,0,0,0,0,0,0,0,0,0,0,0,0,0,0,0,0,0,0,0,0
WPH02,CREEK_3_B,2.5,29.5161666666667,-89.7885166666667,2018-05-23,3,61,0,0,10,0,0,0,0,0,0,0,0,0,0,0,0,0,0,0,0,0,0,0,0,0,0,0,0,0,0,0
WPH02,CREEK_3_C,2.5,29.5161666666667,-89.7885166666667,2018-05-23,3,61,0,0,60,0,0,0,0,0,0,0,0,0,0,0,0,0,0,0,0,0,0,0,0,0,0,0,0,0,0,0
WPH02,POND_1_A,2.5,29.51535,-89.7877166666667,2018-05-21,3,89,90,0,30,0,0,0,0,0,0,400,0,0,160,0,0,0,0,0,0,0,0,0,0,0,0,0,0,0,0,0
WPH02,POND_1_B,2.5,29.51535,-89.7877166666667,2018-05-21,3,89,0,0,20,0,10,0,0,0,0,60,0,0,20,0,0,0,0,0,0,0,0,0,0,0,0,0,0,0,0,0
WPH02,POND_1_C,2.5,29.51535,-89.7877166666667,2018-05-21,3,89,0,0,10,0,0,0,0,0,0,30,10,0,20,0,0,0,0,0,0,0,0,0,0,0,0,0,0,0,0,0
WPH02,POND_2_B,2.5,29.5154666666667,-89.7877833333333,2018-05-21,3,95,0,0,10,0,0,0,0,0,0,0,0,20,0,0,0,0,0,0,0,0,0,0,0,0,0,0,0,0,0,0
WPH02,POND_2_C,2.5,29.5154666666667,-89.7877833333333,2018-05-21,3,95,0,0,10,0,0,0,0,0,0,0,0,0,0,0,0,0,0,0,0,0,0,0,0,0,0,0,0,0,0,0
WPH02,POND_3_A,2.5,29.5157333333333,-89.78795,2018-05-21,3,103,80,0,0,0,10,0,0,180,0,180,0,0,120,0,0,0,0,0,0,0,0,0,0,0,0,0,0,0,0,0
WPH02,POND_3_B,2.5,29.5157333333333,-89.78795,2018-05-21,3,103,210,0,0,0,0,0,0,300,0,250,0,0,0,0,0,0,0,0,0,0,0,0,0,0,0,0,0,0,0,0
WPH02,POND_3_C,2.5,29.5157333333333,-89.78795,2018-05-21,3,103,230,0,0,0,0,0,0,150,0,120,0,0,0,0,0,0,0,0,0,0,0,0,0,0,0,0,0,0,0,0
WPH02,POND_1_A,2.5,29.51535,-89.7877166666667,2018-05-22,3,71,60,0,50,0,0,0,0,60,0,280,0,0,120,0,0,0,0,0,0,0,0,0,0,0,0,0,0,0,0,0
WPH02,POND_1_B,2.5,29.51535,-89.7877166666667,2018-05-22,3,71,0,0,50,0,10,0,0,70,0,60,0,0,100,0,0,0,0,0,0,0,0,0,0,0,0,0,0,0,0,0
WPH02,POND_1_C,2.5,29.51535,-89.7877166666667,2018-05-22,3,71,20,0,80,0,0,0,0,90,0,370,0,0,260,0,0,0,0,0,0,0,0,0,0,0,0,0,0,0,0,0
WPH02,POND_2_A,2.5,29.5154666666667,-89.7877833333333,2018-05-22,3,73,0,0,0,0,0,0,0,10,0,70,0,0,40,0,0,0,0,0,0,0,0,0,0,0,0,0,0,0,0,0
WPH02,POND_2_C,2.5,29.5154666666667,-89.7877833333333,2018-05-22,3,73,0,0,0,0,20,0,0,0,0,0,0,0,0,0,0,0,0,0,0,0,0,0,0,0,0,0,0,0,0,0
WPH02,POND_3_A,2.5,29.5157333333333,-89.78795,2018-05-22,3,73,150,0,0,0,0,0,0,200,0,80,0,0,10,0,0,0,0,0,0,0,0,0,0,0,0,0,0,0,0,0
WPH02,POND_3_B,2.5,29.5157333333333,-89.78795,2018-05-22,3,73,80,0,0,0,0,0,0,160,0,110,0,0,100,0,0,0,0,0,0,0,0,0,0,0,0,0,0,0,0,0
WPH02,POND_3_C,2.5,29.5157333333333,-89.78795,2018-05-22,3,73,200,0,0,0,10,0,0,170,0,100,0,0,10,0,0,0,0,0,0,0,0,0,0,0,0,0,0,0,0,0
WPH02,POND_1_A,2.5,29.51535,-89.7877166666667,2018-05-23,3,68,20,0,30,0,0,0,0,120,0,160,0,0,130,0,0,0,0,0,0,0,0,0,0,0,0,0,0,0,0,0
WPH02,POND_1_B,2.5,29.51535,-89.7877166666667,2018-05-23,3,68,0,0,10,0,30,0,0,10,0,170,0,0,400,0,0,0,0,0,0,0,0,0,0,0,0,0,0,0,0,0
WPH02,POND_1_C,2.5,29.51535,-89.7877166666667,2018-05-23,3,68,0,0,30,0,0,0,0,100,0,180,10,50,450,0,0,0,0,0,0,0,0,0,0,0,0,0,0,0,0,0
WPH02,POND_2_A,2.5,29.5154666666667,-89.7877833333333,2018-05-23,3,67,0,0,0,0,10,0,0,0,0,30,0,0,0,0,0,0,0,0,0,0,0,0,0,0,0,0,0,0,0,0
WPH02,POND_2_C,2.5,29.5154666666667,-89.7877833333333,2018-05-23,3,67,10,0,0,0,0,0,0,0,0,10,0,0,0,0,0,0,0,0,0,0,0,0,0,0,0,0,0,0,0,0
WPH02,POND_3_A,2.5,29.5157333333333,-89.78795,2018-05-23,3,63,140,0,0,0,0,0,0,100,0,110,0,30,440,0,0,0,0,0,0,0,0,0,0,0,0,0,0,0,0,0
WPH02,POND_3_B,2.5,29.5157333333333,-89.78795,2018-05-23,3,63,70,0,0,0,0,0,0,0,0,0,0,0,0,0,0,0,0,0,0,0,0,0,0,0,0,0,0,0,0,0
WPH02,POND_3_C,2.5,29.5157333333333,-89.78795,2018-05-23,3,63,70,0,0,0,0,0,0,10,0,10,0,0,0,0,0,0,0,0,0,0,0,0,0,0,0,0,0,0,0,0
PS07,EDGE_1_A,2.5,29.4767166666667,-89.8528666666667,2018-05-20,3,65,0,0,0,10,0,0,0,0,0,0,0,0,0,0,0,0,0,0,0,0,0,0,0,0,0,0,0,0,0,0
PS07,EDGE_2_A,2.5,29.4771833333333,-89.8515833333333,2018-05-20,3,64,0,0,0,10,0,0,0,0,0,0,0,0,0,0,0,0,0,0,0,0,0,0,0,0,0,0,0,0,0,0
PS07,EDGE_2_B,2.5,29.4771833333333,-89.8515833333333,2018-05-20,3,64,0,30,0,0,0,0,0,0,0,0,0,0,0,0,0,0,0,0,0,0,0,0,0,0,0,0,0,0,0,0
PS07,EDGE_2_C,2.5,29.4771833333333,-89.8515833333333,2018-05-20,3,64,0,20,0,0,0,0,0,0,0,0,0,0,0,0,0,0,0,0,0,0,10,0,0,0,0,0,0,0,0,0
PS07,EDGE_3_A,2.5,29.47765,-89.8512166666667,2018-05-20,3,72,0,110,0,0,10,0,0,0,0,0,0,0,0,0,0,0,0,0,0,0,0,0,0,0,0,0,0,0,0,0
PS07,EDGE_3_B,2.5,29.47765,-89.8512166666667,2018-05-20,3,72,0,70,0,0,0,0,0,0,0,0,0,0,0,0,0,0,0,0,0,0,0,0,0,0,0,0,0,0,0,0
PS07,EDGE_3_C,2.5,29.47765,-89.8512166666667,2018-05-20,3,72,0,40,0,0,0,0,0,0,0,0,0,0,0,0,0,0,0,0,0,0,0,10,0,0,0,0,0,0,0,0
PS07,EDGE_1_A,2.5,29.4767166666667,-89.8528666666667,2018-05-21,3,74,0,0,100,0,10,0,0,0,0,0,0,0,0,0,0,0,0,0,0,0,0,0,0,0,0,0,0,0,0,0
PS07,EDGE_1_B,2.5,29.4767166666667,-89.8528666666667,2018-05-21,3,74,0,0,120,0,0,0,0,0,0,0,0,0,0,0,10,0,0,0,0,0,0,0,0,0,0,0,0,0,0,0
PS07,EDGE_1_C,2.5,29.4767166666667,-89.8528666666667,2018-05-21,3,74,0,0,0,20,0,0,0,0,0,0,0,0,0,0,0,0,0,0,0,0,0,0,0,0,0,0,0,0,0,0
PS07,EDGE_2_A,2.5,29.4771833333333,-89.8515833333333,2018-05-21,3,74,0,0,40,10,10,0,0,0,0,0,0,0,0,0,0,0,0,0,0,10,0,0,0,0,0,0,0,0,0,0
PS07,EDGE_2_B,2.5,29.4771833333333,-89.8515833333333,2018-05-21,3,74,0,50,0,0,0,0,0,0,0,0,0,0,0,0,0,0,0,0,0,0,0,0,0,0,0,0,0,0,0,0
PS07,EDGE_2_C,2.5,29.4771833333333,-89.8515833333333,2018-05-21,3,74,0,10,0,10,0,0,0,0,0,0,0,0,0,0,0,0,0,0,0,0,0,0,10,0,0,0,0,0,0,0
PS07,EDGE_3_A,2.5,29.47765,-89.8512166666667,2018-05-21,3,95,0,850,30,0,0,0,0,0,0,0,0,0,0,0,0,0,0,0,0,0,0,0,0,0,0,0,0,0,0,0
PS07,EDGE_3_B,2.5,29.47765,-89.8512166666667,2018-05-21,3,95,0,500,90,0,0,0,0,0,0,0,0,0,0,0,0,0,0,0,0,0,0,0,0,0,0,0,0,0,0,0
PS07,EDGE_3_C,2.5,29.47765,-89.8512166666667,2018-05-21,3,95,0,0,110,0,0,0,0,0,0,0,0,0,0,0,0,0,0,0,0,0,0,0,0,0,0,0,0,0,0,0
PS07,EDGE_1_A,2.5,29.4767166666667,-89.8528666666667,2018-05-22,3,75,0,0,0,0,0,0,0,0,0,0,0,0,0,0,0,0,0,0,0,0,0,0,0,10,0,0,0,0,0,0
PS07,EDGE_1_B,2.5,29.4767166666667,-89.8528666666667,2018-05-22,3,75,0,0,60,10,0,0,0,0,0,0,0,0,0,0,0,0,0,0,0,0,0,0,0,0,0,0,0,0,0,0
PS07,EDGE_1_C,2.5,29.4767166666667,-89.8528666666667,2018-05-22,3,75,0,0,50,0,0,0,0,0,0,0,0,0,0,0,0,0,0,0,0,0,0,0,0,0,0,0,0,0,0,0
PS07,EDGE_2_B,2.5,29.4771833333333,-89.8515833333333,2018-05-22,3,76,0,0,0,10,0,0,0,0,0,0,0,0,0,0,0,0,0,0,0,0,0,0,0,0,0,0,0,0,0,0
PS07,EDGE_2_C,2.5,29.4771833333333,-89.8515833333333,2018-05-22,3,76,0,0,0,20,0,0,0,0,0,0,0,0,0,0,0,0,0,0,0,0,0,0,0,0,0,0,0,0,0,0
PS07,EDGE_3_A,2.5,29.47765,-89.8512166666667,2018-05-22,3,75,0,0,140,0,0,0,0,0,0,0,0,0,0,0,0,0,0,0,0,0,0,0,0,0,0,0,0,0,0,0
PS07,EDGE_3_B,2.5,29.47765,-89.8512166666667,2018-05-22,3,75,0,0,40,0,0,0,0,0,0,0,0,0,0,0,0,0,0,0,0,10,0,0,0,10,0,0,0,0,0,0
PS07,EDGE_3_C,2.5,29.47765,-89.8512166666667,2018-05-22,3,75,0,0,80,0,0,0,0,0,0,0,0,0,0,0,0,0,0,0,0,0,0,0,0,0,0,0,0,0,0,0
PS07,CREEK_1_A,2.5,29.4765333333333,-89.8541666666667,2018-05-20,3,60,0,0,0,10,0,0,0,0,0,0,0,0,0,0,0,0,0,0,0,0,0,0,0,0,0,0,0,0,0,0
PS07,CREEK_1_B,2.5,29.4765333333333,-89.8541666666667,2018-05-20,3,60,0,210,0,0,0,0,0,0,0,0,0,0,0,0,0,0,0,0,0,0,0,0,0,0,0,0,0,0,0,0
PS07,CREEK_1_C,2.5,29.4765333333333,-89.8541666666667,2018-05-20,3,60,0,40,0,0,0,0,0,0,0,0,0,0,0,0,0,0,0,0,0,0,0,0,0,0,0,0,0,0,0,0
PS07,CREEK_2_A,2.5,29.4777833333333,-89.8525166666667,2018-05-20,3,70,0,20,0,0,0,0,0,0,0,0,0,0,0,0,0,0,0,0,0,0,0,0,0,0,0,0,0,0,0,0
PS07,CREEK_2_B,2.5,29.4777833333333,-89.8525166666667,2018-05-20,3,70,0,20,0,10,10,0,0,0,0,0,0,0,0,0,0,0,0,0,0,0,0,0,0,0,0,0,0,0,0,0
PS07,CREEK_2_C,2.5,29.4777833333333,-89.8525166666667,2018-05-20,3,70,0,40,0,0,0,0,0,0,0,0,0,0,0,0,0,0,0,0,0,0,0,0,0,0,0,0,0,0,0,0
PS07,CREEK_3_A,2.5,29.4778,-89.85195,2018-05-20,3,70,0,110,0,0,0,0,0,0,0,0,0,0,0,0,0,0,0,0,0,0,0,0,0,0,0,0,0,0,0,0
PS07,CREEK_3_B,2.5,29.4778,-89.85195,2018-05-20,3,70,0,210,0,0,0,0,10,0,0,0,0,0,0,0,0,0,0,0,0,0,0,0,0,0,0,0,0,0,0,0
PS07,CREEK_3_C,2.5,29.4778,-89.85195,2018-05-20,3,70,0,30,0,0,0,0,0,0,0,0,0,0,0,0,0,0,0,0,0,0,0,0,0,0,0,0,0,0,0,0
PS07,CREEK_1_A,2.5,29.4765333333333,-89.8541666666667,2018-05-21,3,73,0,100,0,10,0,0,0,0,0,0,0,0,0,0,0,0,0,0,0,0,0,0,0,0,0,0,0,0,0,0
PS07,CREEK_1_B,2.5,29.4765333333333,-89.8541666666667,2018-05-21,3,73,0,160,0,10,0,0,0,0,0,0,0,0,0,0,0,0,0,0,0,0,0,0,0,0,0,0,0,0,0,0
PS07,CREEK_1_C,2.5,29.4765333333333,-89.8541666666667,2018-05-21,3,73,0,20,0,20,0,0,0,0,0,0,0,0,0,0,0,0,0,0,0,0,0,0,0,0,0,0,0,0,0,0
PS07,CREEK_2_A,2.5,29.4777833333333,-89.8525166666667,2018-05-21,3,89,0,50,0,0,0,0,0,0,0,0,0,0,0,0,0,0,0,0,0,0,0,0,0,0,0,0,0,0,0,0
PS07,CREEK_2_B,2.5,29.4777833333333,-89.8525166666667,2018-05-21,3,89,0,0,30,0,0,0,0,0,0,0,0,0,0,0,0,0,0,0,0,0,0,0,0,0,0,0,0,0,0,0
PS07,CREEK_2_C,2.5,29.4777833333333,-89.8525166666667,2018-05-21,3,89,0,0,40,0,0,0,0,0,0,0,0,0,0,0,0,0,0,0,0,0,0,0,0,0,0,0,0,0,0,0
PS07,CREEK_3_A,2.5,29.4778,-89.85195,2018-05-21,3,85,0,350,0,0,0,0,0,0,0,0,0,0,0,0,0,0,0,0,0,0,0,0,0,0,0,0,0,0,0,0
PS07,CREEK_3_B,2.5,29.4778,-89.85195,2018-05-21,3,85,0,0,330,0,0,0,0,0,0,0,0,0,0,0,10,0,0,0,0,0,0,0,0,0,10,0,0,0,0,0
PS07,CREEK_3_C,2.5,29.4778,-89.85195,2018-05-21,3,85,0,0,180,0,0,0,0,0,0,0,0,0,0,0,0,0,0,0,0,10,0,0,0,0,0,10,0,0,0,0
PS07,CREEK_1_A,2.5,29.4765333333333,-89.8541666666667,2018-05-22,3,74,0,0,0,0,10,0,0,0,0,0,0,0,0,0,0,0,0,0,0,0,0,0,0,0,0,0,0,0,0,0
PS07,CREEK_1_B,2.5,29.4765333333333,-89.8541666666667,2018-05-22,3,74,0,0,0,30,0,0,0,0,0,0,0,0,0,0,0,0,0,0,0,0,0,0,0,0,0,0,10,0,0,0
PS07,CREEK_1_C,2.5,29.4765333333333,-89.8541666666667,2018-05-22,3,74,0,30,0,0,10,0,0,0,0,0,0,0,0,0,0,0,0,0,0,0,0,0,0,0,0,0,0,0,0,0
PS07,CREEK_2_A,2.5,29.4777833333333,-89.8525166666667,2018-05-22,3,78,0,0,0,10,0,0,0,0,0,0,0,0,0,0,0,0,0,0,0,0,0,0,0,0,0,0,0,0,0,0
PS07,CREEK_2_B,2.5,29.4777833333333,-89.8525166666667,2018-05-22,3,78,0,0,0,10,0,0,0,0,0,0,0,0,0,0,0,0,0,0,0,0,0,0,0,0,0,0,0,0,0,0
PS07,CREEK_3_A,2.5,29.4778,-89.85195,2018-05-22,3,77,0,10,0,0,0,0,0,0,0,0,0,0,0,0,0,0,0,0,0,0,0,0,0,0,0,0,0,0,0,0
PS07,CREEK_3_B,2.5,29.4778,-89.85195,2018-05-22,3,77,0,0,150,0,0,0,0,0,0,0,0,0,0,0,0,0,0,0,0,10,0,0,0,0,0,0,0,0,0,0
PS07,CREEK_3_C,2.5,29.4778,-89.85195,2018-05-22,3,77,0,0,130,0,10,0,0,0,0,0,0,0,0,0,0,0,0,0,0,0,0,0,0,0,0,0,0,0,0,0
PS07,POND_1_A,2.5,29.4780333333333,-89.8509666666667,2018-05-20,3,65,0,100,0,0,0,0,0,0,0,0,0,0,0,0,0,0,0,0,0,0,0,0,0,0,0,0,0,0,0,0
PS07,POND_1_B,2.5,29.4780333333333,-89.8509666666667,2018-05-20,3,65,0,200,30,0,0,0,0,10,0,0,0,0,0,0,0,30,0,0,0,0,0,0,0,0,0,0,0,0,0,0
PS07,POND_1_C,2.5,29.4780333333333,-89.8509666666667,2018-05-20,3,65,0,180,10,0,0,0,0,0,0,0,0,0,0,0,0,0,0,0,0,0,0,0,0,0,0,10,0,0,0,0
PS07,POND_2_A,2.5,29.4782166666667,-89.8504833333333,2018-05-20,3,68,0,10,0,0,0,0,0,20,0,0,0,0,0,0,0,0,0,0,0,0,0,0,0,0,0,0,0,0,0,0
PS07,POND_2_B,2.5,29.4782166666667,-89.8504833333333,2018-05-20,3,68,0,40,0,0,0,0,0,10,0,0,0,10,0,0,0,0,0,0,0,0,0,0,0,0,0,0,0,0,10,0
PS07,POND_2_C,2.5,29.4782166666667,-89.8504833333333,2018-05-20,3,68,0,10,20,0,0,0,0,50,0,0,0,30,0,0,0,0,0,0,0,0,0,0,0,0,0,0,0,0,0,0
PS07,POND_3_A,2.5,29.4785166666667,-89.85205,2018-05-20,3,69,0,130,0,0,0,0,10,0,0,0,0,0,0,0,0,0,0,0,0,0,0,0,0,0,0,0,0,0,0,0
PS07,POND_3_B,2.5,29.4785166666667,-89.85205,2018-05-20,3,69,0,220,20,0,0,0,0,0,0,0,0,0,0,0,0,0,0,0,0,0,0,0,0,0,0,0,0,0,0,0
PS07,POND_3_C,2.5,29.4785166666667,-89.85205,2018-05-20,3,69,0,110,0,0,10,0,0,0,0,0,0,0,0,0,0,0,0,0,0,0,0,0,0,0,0,0,0,0,0,0
PS07,POND_1_A,2.5,29.4780333333333,-89.8509666666667,2018-05-21,3,85,0,0,60,0,0,0,0,10,0,10,0,0,80,0,0,0,0,0,0,0,0,0,0,0,0,0,0,0,0,0
PS07,POND_1_B,2.5,29.4780333333333,-89.8509666666667,2018-05-21,3,85,0,0,90,0,10,0,0,0,0,0,0,0,30,0,0,0,0,0,0,0,0,0,0,0,0,0,0,0,0,0
PS07,POND_1_C,2.5,29.4780333333333,-89.8509666666667,2018-05-21,3,85,0,50,120,0,20,0,0,10,0,10,0,0,0,0,0,0,0,0,0,0,0,0,0,0,0,0,0,0,0,0
PS07,POND_2_A,2.5,29.4782166666667,-89.8504833333333,2018-05-21,3,73,40,0,50,0,0,0,0,27,0,0,0,0,320,0,0,10,0,0,0,0,0,0,0,0,0,0,0,0,0,0
PS07,POND_2_B,2.5,29.4782166666667,-89.8504833333333,2018-05-21,3,73,220,0,20,0,0,0,0,450,0,120,0,0,800,0,0,20,0,0,0,0,0,0,0,0,0,0,0,0,0,0
PS07,POND_2_C,2.5,29.4782166666667,-89.8504833333333,2018-05-21,3,73,80,20,110,0,0,0,0,30,0,20,0,0,140,0,0,10,0,0,10,0,0,0,0,0,0,0,0,0,0,0
PS07,POND_3_A,2.5,29.4785166666667,-89.85205,2018-05-21,3,89,0,0,120,0,0,0,0,0,0,0,0,0,40,0,0,0,0,0,0,0,0,0,0,0,0,0,0,0,0,0
PS07,POND_3_B,2.5,29.4785166666667,-89.85205,2018-05-21,3,89,0,270,120,0,10,0,0,0,0,0,0,0,0,0,0,0,0,0,0,0,0,0,0,0,0,0,0,0,0,0
PS07,POND_3_C,2.5,29.4785166666667,-89.85205,2018-05-21,3,89,0,270,90,0,10,0,0,0,0,0,0,0,20,0,0,0,0,0,0,0,0,0,0,0,0,0,0,0,0,0
PS07,POND_1_A,2.5,29.4780333333333,-89.8509666666667,2018-05-22,3,78,0,0,30,0,0,0,0,0,0,0,0,0,20,0,0,0,0,0,0,0,0,0,0,0,0,0,0,0,0,10
PS07,POND_1_B,2.5,29.4780333333333,-89.8509666666667,2018-05-22,3,78,0,10,30,0,0,0,0,0,0,0,0,0,20,0,0,0,0,0,0,0,0,0,0,0,0,0,0,0,0,0
PS07,POND_1_C,2.5,29.4780333333333,-89.8509666666667,2018-05-22,3,78,0,0,20,0,0,0,0,0,0,0,0,0,270,0,0,0,0,0,0,0,0,0,0,0,0,0,0,0,0,0
PS07,POND_2_A,2.5,29.4782166666667,-89.8504833333333,2018-05-22,3,78,30,0,10,0,10,0,0,10,0,0,0,0,90,0,0,0,0,0,0,0,0,0,0,0,0,0,0,0,40,0
PS07,POND_2_B,2.5,29.4782166666667,-89.8504833333333,2018-05-22,3,78,30,0,0,0,10,0,0,40,0,10,0,0,160,0,0,0,0,0,0,0,0,0,0,0,0,0,0,0,20,0
PS07,POND_2_C,2.5,29.4782166666667,-89.8504833333333,2018-05-22,3,78,90,10,110,0,0,0,0,110,0,140,0,0,640,0,0,0,0,0,0,0,0,0,0,0,0,0,0,0,10,0
PS07,POND_3_A,2.5,29.4785166666667,-89.85205,2018-05-22,3,79,0,0,20,0,20,0,0,0,0,0,0,0,40,0,0,0,0,0,0,0,0,0,0,0,0,0,0,0,0,0
PS07,POND_3_B,2.5,29.4785166666667,-89.85205,2018-05-22,3,79,0,0,90,0,0,0,0,0,0,10,0,0,50,0,0,0,0,0,0,0,0,0,0,0,0,0,0,0,0,0
PS07,POND_3_C,2.5,29.4785166666667,-89.85205,2018-05-22,3,79,0,0,30,0,0,0,0,10,0,0,0,0,40,0,0,0,0,0,0,0,0,0,0,0,0,0,0,0,0,0
LHA,POND_1_A,NA,29.5523333333333,-89.85025,2018-05-18,NA,NA,0,0,0,0,0,0,0,0,0,0,0,0,0,0,0,0,0,0,0,0,0,0,0,0,0,0,0,0,0,0
LHA,POND_1_A,NA,29.5523333333333,-89.85025,2018-05-19,NA,NA,0,0,0,0,0,0,0,0,0,0,0,0,0,0,0,0,0,0,0,0,0,0,0,0,0,0,0,0,0,0
LHA,POND_1_B,NA,29.5523333333333,-89.85025,2018-05-18,NA,NA,0,0,0,0,0,0,0,0,0,0,0,0,0,0,0,0,0,0,0,0,0,0,0,0,0,0,0,0,0,0
LHA,POND_2_A,NA,29.5518833333333,-89.8506166666667,2018-05-18,NA,NA,0,0,0,0,0,0,0,0,0,0,0,0,0,0,0,0,0,0,0,0,0,0,0,0,0,0,0,0,0,0
LHA,POND_2_C,NA,29.5518833333333,-89.8506166666667,2018-05-19,NA,NA,0,0,0,0,0,0,0,0,0,0,0,0,0,0,0,0,0,0,0,0,0,0,0,0,0,0,0,0,0,0
LHA,POND_3_B,NA,29.5514833333333,-89.85065,2018-05-18,NA,NA,0,0,0,0,0,0,0,0,0,0,0,0,0,0,0,0,0,0,0,0,0,0,0,0,0,0,0,0,0,0
LHA,POND_3_C,NA,29.5514833333333,-89.85065,2018-05-18,NA,NA,0,0,0,0,0,0,0,0,0,0,0,0,0,0,0,0,0,0,0,0,0,0,0,0,0,0,0,0,0,0
LHA,POND_3_C,NA,29.5514833333333,-89.85065,2018-05-20,NA,NA,0,0,0,0,0,0,0,0,0,0,0,0,0,0,0,0,0,0,0,0,0,0,0,0,0,0,0,0,0,0
LHC,POND_1_C,NA,29.5560333333333,-89.8581,2018-05-18,NA,NA,0,0,0,0,0,0,0,0,0,0,0,0,0,0,0,0,0,0,0,0,0,0,0,0,0,0,0,0,0,0
LHC,POND_2_A,NA,29.5560333333333,-89.8581,2018-05-18,NA,NA,0,0,0,0,0,0,0,0,0,0,0,0,0,0,0,0,0,0,0,0,0,0,0,0,0,0,0,0,0,0
LHC,POND_2_B,NA,29.5560333333333,-89.8581,2018-05-18,NA,NA,0,0,0,0,0,0,0,0,0,0,0,0,0,0,0,0,0,0,0,0,0,0,0,0,0,0,0,0,0,0
LHC,POND_2_B,NA,29.5560333333333,-89.8581,2018-05-20,NA,NA,0,0,0,0,0,0,0,0,0,0,0,0,0,0,0,0,0,0,0,0,0,0,0,0,0,0,0,0,0,0
LHC,POND_2_C,NA,29.5560333333333,-89.8581,2018-05-18,NA,NA,0,0,0,0,0,0,0,0,0,0,0,0,0,0,0,0,0,0,0,0,0,0,0,0,0,0,0,0,0,0
LHC,POND_2_C,NA,29.5560333333333,-89.8581,2018-05-20,NA,NA,0,0,0,0,0,0,0,0,0,0,0,0,0,0,0,0,0,0,0,0,0,0,0,0,0,0,0,0,0,0
LHC,POND_3_A,NA,29.5560333333333,-89.8581,2018-05-18,NA,NA,0,0,0,0,0,0,0,0,0,0,0,0,0,0,0,0,0,0,0,0,0,0,0,0,0,0,0,0,0,0
LHC,POND_3_B,NA,29.5560333333333,-89.8581,2018-05-18,NA,NA,0,0,0,0,0,0,0,0,0,0,0,0,0,0,0,0,0,0,0,0,0,0,0,0,0,0,0,0,0,0
WPH1,POND_1_C,NA,29.5602333333333,-89.80975,2018-05-21,NA,NA,0,0,0,0,0,0,0,0,0,0,0,0,0,0,0,0,0,0,0,0,0,0,0,0,0,0,0,0,0,0
WPH1,POND_3_A,NA,29.5613833333333,-89.8089833333333,2018-05-22,NA,NA,0,0,0,0,0,0,0,0,0,0,0,0,0,0,0,0,0,0,0,0,0,0,0,0,0,0,0,0,0,0
WPH1,POND_3_A,NA,29.5613833333333,-89.8089833333333,2018-05-21,NA,NA,0,0,0,0,0,0,0,0,0,0,0,0,0,0,0,0,0,0,0,0,0,0,0,0,0,0,0,0,0,0
WPH02,POND_2_A,NA,29.5154666666667,-89.7877833333333,2018-05-21,NA,NA,0,0,0,0,0,0,0,0,0,0,0,0,0,0,0,0,0,0,0,0,0,0,0,0,0,0,0,0,0,0
WPH02,POND_2_B,NA,29.5154666666667,-89.7877833333333,2018-05-22,NA,NA,0,0,0,0,0,0,0,0,0,0,0,0,0,0,0,0,0,0,0,0,0,0,0,0,0,0,0,0,0,0
WPH02,POND_2_B,NA,29.5154666666667,-89.7877833333333,2018-05-23,NA,NA,0,0,0,0,0,0,0,0,0,0,0,0,0,0,0,0,0,0,0,0,0,0,0,0,0,0,0,0,0,0
